{"biomass_reaction": [[[0.4175097286201379, 0.4054282093117796], [0.4175097286201379, 0.3890515539664031], [0.4175097286201379, 0.3257738526702467]]], "cpd15560_c0": [[[0.0, 0.0], [0.0, 0.0], [0.0, 5.764388615560868e-10]]], "cpd00129_c0": [[[1.1077925318016661, 1.1179563620602397], [1.1077925318016661, 0.5168329942906789], [1.1077925318016661, 0.21908469801680022]]], "cpd00054_c0": [[[1.7260190038924355, 0.6338455046619409], [1.7260190038924355, 0.1610195142845485], [1.7260190038924355, 0.013405961321820726]]], "cpd00006_c0": [[[0.1021984936515527, 0.0880340978697216], [0.1021984936515527, 0.07294625601665841], [0.1021984936515527, 0.01232260665022128]]], "cpd00052_c0": [[[0.24272142242240538, 0.2475959002585943], [0.24272142242240538, 0.28943848238998], [0.24272142242240538, 0.22260342651103796]]], "cpd01997_c0": [[[0.0, 0.0], [0.0, 0.0], [0.0, -2.050527677394075e-07]]], "cpd00010_c0": [[[0.1245711518165642, 0.08877388020475196], [0.1245711518165642, 0.048648686238868206], [0.1245711518165642, 0.00511368220552522]]], "cpd00016_c0": [[[0.4198424604063524, 0.4282739896364369], [0.4198424604063524, 0.3655905596312057], [0.4198424604063524, 0.28783105107802875]]], "cpd15540_c0": [[[0.09301898823372974, 0.09488705159610072], [0.09301898823372974, 0.03505438799050004], [0.09301898823372974, 0.031122888180723823]]], "cpd15666_c0": [[[0.0, 0.0], [0.0, 0.0], [0.0, -2.44161419197551e-09]]], "cpd00557_c0": [[[0.08175879492123322, 0.06441519356320756], [0.08175879492123322, 0.028392601456120152], [0.08175879492123322, 0.0031153449209531917]]], "cpd00345_c0": [[[0.12222958881247017, 0.10093081284427233], [0.12222958881247017, 0.0757531357017352], [0.12222958881247017, 0.014832772588089044]]], "cpd00118_c0": [[[0.9708856896896618, 0.9903836010342868], [0.9708856896896618, 0.35759604203763357], [0.9708856896896618, 0.2125117513927364]]], "cpd15533_c0": [[[0.09530166279163453, 0.08852590847233435], [0.09530166279163453, 0.031809567516257374], [0.09530166279163453, 0.018905373891266796]]], "cpd00156_c0": [[[1.107792531801694, 1.117956362060226], [1.107792531801694, 0.42002349592800575], [1.107792531801694, 0.22239532235120624]]], "cpd00264_c0": [[[0.554791822679912, 0.49519180051716166], [0.554791822679912, 0.17050221693924034], [0.554791822679912, 0.053613472763345486]]], "cpd03736_c0": [[[0.040453570403737274, 0.04126598337642921], [0.040453570403737274, 0.019741384361357132], [0.040453570403737274, 0.018829652423907085]]], "cpd00056_c0": [[[0.0, 0.0], [0.0, 0.0], [0.0, -1.4796551128056277e-10]]], "cpd00008_c0": [[[0.2167538041607951, 0.16006199612675942], [0.2167538041607951, 0.10445338229893245], [0.2167538041607951, 0.012007413333537293]]], "cpd00069_c0": [[[0.41984246040635237, 0.42827398963642827], [0.41984246040635237, 0.3101385428048939], [0.41984246040635237, 0.28024894399124933]]], "cpd00038_c0": [[[0.19825043063488193, 0.14949186430705946], [0.19825043063488193, 0.11166933754407657], [0.19825043063488193, 0.013099646435104811]]], "cpd11462_c0": [[[0.12912248290279954, 0.10354202335203935], [0.12912248290279954, 0.0774764047605837], [0.12912248290279954, 0.010891522473574883]]], "cpd00132_c0": [[[1.1095836453596375, 1.1318669726105934], [1.1095836453596375, 0.5299084911678889], [1.1095836453596375, 0.34762817788537254]]], "cpd00017_c0": [[[0.17202682869905436, 0.12526591001226747], [0.17202682869905436, 0.06388061306291354], [0.17202682869905436, 0.006792552969874418]]], "cpd00201_c0": [[[0.12222958881248286, 0.10093081284424898], [0.12222958881248286, 0.08089253665106375], [0.12222958881248286, 0.016338461051711117]]], "cpd00023_c0": [[[1.1095836453596242, 1.1318669726106247], [1.1095836453596242, 0.6808094692049688], [1.1095836453596242, 0.34974792099466884]]], "cpd00051_c0": [[[0.501102291452742, 0.5111657295660746], [0.501102291452742, 0.2591491018497617], [0.501102291452742, 0.1991670125689333]]], "cpd11493_c0": [[[0.0, 0.0], [0.0, 0.0], [0.0, 1.953494586410571e-07]]], "cpd11463_c0": [[[0.05838801031032004, 0.05542906687218169], [0.05838801031032004, 0.08903607155775625], [0.05838801031032004, 0.01928201935548813]]], "cpd00002_c0": [[[0.1982504306348849, 0.14949186430706463], [0.1982504306348849, 0.10526207819822093], [0.1982504306348849, 0.012054868545909592]]], "cpd00084_c0": [[[1.0713221403473325, 0.5195454956244622], [1.0713221403473325, 0.118611927419595], [1.0713221403473325, 0.012907457696792902]]], "cpd15665_c0": [[[0.0, 0.0], [0.0, 0.0], [0.0, -8.344187300932041e-09]]], "cpd00053_c0": [[[1.1095836453597334, 1.1318669726106603], [1.1095836453597334, 0.6740666342967913], [1.1095836453597334, 0.48200789036095987]]], "cpd00356_c0": [[[0.24272142242242528, 0.24759590025856554], [0.24272142242242528, 0.2544063751884434], [0.24272142242242528, 0.2030812276938659]]], "cpd00028_c0": [[[0.08262856933529744, 0.07202789825703651], [0.08262856933529744, 0.04036783597815338], [0.08262856933529744, 0.004329076965878682]]], "cpd00033_c0": [[[1.7260190038929328, 1.2189336628113456], [1.7260190038929328, 0.3354113159567724], [1.7260190038929328, 0.03083491311658199]]], "cpd00041_c0": [[[1.5534171035035114, 1.5846137616549152], [1.5534171035035114, 0.599672825487781], [1.5534171035035114, 0.1481969564502491]]], "cpd15352_c0": [[[0.08826233542632522, 0.09000496135230715], [0.08826233542632522, 0.048720674296195546], [0.08826233542632522, 0.04985461893330802]]], "cpd15500_c0": [[[0.08442484258170835, 0.08084764090075645], [0.08442484258170835, 0.04216002227159663], [0.08442484258170835, 0.040243352665598496]]], "cpd00087_c0": [[[0.12427336828028879, 0.10928370770033757], [0.12427336828028879, 0.09246066882593539], [0.12427336828028879, 0.031284316459612445]]], "cpd00035_c0": [[[2.177385321127372, 2.197362504739129], [2.177385321127372, 0.8609137879529972], [2.177385321127372, 0.43704007979090503]]], "cpd11461_c0": [[[0.12739282862895313, 0.10122662029226978], [0.12739282862895313, 0.0682059799285259], [0.12739282862895313, 0.009641759790170238]]], "cpd11416_c0": [[[0.4175097286201351, 0.40542820931177725], [0.4175097286201351, 0.40542820931178064], [0.4175097286201351, 0.3496237428482049]]], "cpd00039_c0": [[[0.7397224302397056, 0.7545779817404095], [0.7397224302397056, 0.2718648346668676], [0.7397224302397056, 0.06467274540764477]]], "cpd00357_c0": [[[0.2580402430485605, 0.22318503685281557], [0.2580402430485605, 0.14320241323555916], [0.2580402430485605, 0.02459593797873524]]], "cpd00166_c0": [[[0.0, 0.0], [0.0, 0.0], [0.0, 5.341793048313448e-09]]], "cpd00107_c0": [[[0.8649886892149827, 0.8729248306497842], [0.8649886892149827, 0.3995876783042369], [0.8649886892149827, 0.32653189041379127]]], "cpd00322_c0": [[[0.8200542118531898, 0.754577981740443], [0.8200542118531898, 0.20784333204536076], [0.8200542118531898, 0.04227855296374142]]], "cpd00161_c0": [[[1.194936233464198, 0.9321257421500214], [1.194936233464198, 0.38179090718212716], [1.194936233464198, 0.03639367205288729]]], "cpd02229_c0": [[[0.07873338442979587, 0.07945575141824754], [0.07873338442979587, 0.03973455464173804], [0.07873338442979587, 0.03648577452032701]]], "cpd00115_c0": [[[0.19825043063489156, 0.1494918643070562], [0.19825043063489156, 0.09991966327789664], [0.19825043063489156, 0.011992966032943307]]], "cpd15793_c0": [[[0.047650831395812526, 0.0486077840998426], [0.047650831395812526, 0.017888526572670857], [0.047650831395812526, 0.017396538061873783]]], "cpd00065_c0": [[[0.28766983398213114, 0.22637339452211305], [0.28766983398213114, 0.1223689176132635], [0.28766983398213114, 0.014859512470323388]]], "cpd00241_c0": [[[0.19825043063487036, 0.149491864307077], [0.19825043063487036, 0.10646286080126008], [0.19825043063487036, 0.012855829404428204]]], "cpd00066_c0": [[[0.4198424604063493, 0.4282739896364369], [0.4198424604063493, 0.28133494939874926], [0.4198424604063493, 0.2621499975663584]]], "cpd00060_c0": [[[0.6134541627192073, 0.4593083367116021], [0.6134541627192073, 0.11155268130953395], [0.6134541627192073, 0.015675059879177257]]],