{"biomass_reaction": [[[0.41925210289316955, 0.40706591952244636], [0.41925210289316955, 0.39067516503950417], [0.41925210289316955, 0.327161627917339]]], "cpd15560_c0": [[[0.0, 0.0], [0.0, 0.0], [0.0, -2.197398570273827e-08]]], "cpd00129_c0": [[[1.106295648975629, 1.11660034805577], [1.106295648975629, 0.5188851468581731], [1.106295648975629, 0.21482475055031058]]], "cpd00054_c0": [[[1.7210418440891573, 0.6321484511555888], [1.7210418440891573, 0.16169148966590283], [1.7210418440891573, 0.01349739710685385]]], "cpd00006_c0": [[[0.10657827933579861, 0.09117525737820167], [0.10657827933579861, 0.07325067929369274], [0.10657827933579861, 0.01247078958576412]]], "cpd00052_c0": [[[0.25254418364353914, 0.2576692056340454], [0.25254418364353914, 0.2906463827830131], [0.25254418364353914, 0.21890860994628986]]], "cpd01997_c0": [[[0.0, 0.0], [0.0, 0.0], [0.0, -3.433367864478517e-07]]], "cpd00010_c0": [[[0.1268429372906561, 0.0898789267045812], [0.1268429372906561, 0.04885170957819378], [0.1268429372906561, 0.005113102176903531]]], "cpd00016_c0": [[[0.45114689116900447, 0.4603022702589151], [0.45114689116900447, 0.3671162620085109], [0.45114689116900447, 0.3037173894105867]]], "cpd15540_c0": [[[0.09275075806468945, 0.09463300166999572], [0.09275075806468945, 0.03520067886613], [0.09275075806468945, 0.03071416415892366]]], "cpd15666_c0": [[[0.0, 0.0], [0.0, 0.0], [0.0, 9.890391656582757e-11]]], "cpd00557_c0": [[[0.08152303472000787, 0.06424272877597229], [0.08152303472000787, 0.02851109100240268], [0.08152303472000787, 0.003119397914212499]]], "cpd00345_c0": [[[0.125695778943084, 0.10329223058096551], [0.125695778943084, 0.0760692728015068], [0.125695778943084, 0.015276615118259711]]], "cpd00118_c0": [[[0.9680860373001307, 0.9877319549305689], [0.9680860373001307, 0.35908838125990583], [0.9680860373001307, 0.2051902016711038]]], "cpd15533_c0": [[[0.09502685028712642, 0.0882888898261781], [0.09502685028712642, 0.031942316930870206], [0.09502685028712642, 0.018879053252303026]]], "cpd00156_c0": [[[1.1062956489756537, 1.1166003480558462], [1.1062956489756537, 0.4217763607910373], [1.1062956489756537, 0.21316585267275936]]], "cpd00264_c0": [[[0.5531920213143877, 0.49386597746529], [0.5531920213143877, 0.17121376605027605], [0.5531920213143877, 0.05096450834361544]]], "cpd03736_c0": [[[0.04178788650216439, 0.04263591172361969], [0.04178788650216439, 0.01982377017865266], [0.04178788650216439, 0.018613177194447217]]], "cpd00056_c0": [[[0.0, 0.0], [0.0, 0.0], [0.0, 2.666103312517505e-08]]], "cpd00008_c0": [[[0.22416712650216297, 0.1640523662168566], [0.22416712650216297, 0.10488929282638786], [0.22416712650216297, 0.011887341603681897]]], "cpd00069_c0": [[[0.4342815868262411, 0.4430947087538686], [0.4342815868262411, 0.3114328298142181], [0.4342815868262411, 0.27979670314799693]]], "cpd00038_c0": [[[0.20438767416372686, 0.1529391414085896], [0.20438767416372686, 0.11213536208781724], [0.20438767416372686, 0.013184124887018684]]], "cpd11462_c0": [[[0.13472851297850869, 0.10699708347089747], [0.13472851297850869, 0.07779973350035413], [0.13472851297850869, 0.010799054267308334]]], "cpd00132_c0": [[[1.1063840426288083, 1.1288365199205768], [1.1063840426288083, 0.5321199340604041], [1.1063840426288083, 0.25679129553099206]]], "cpd00017_c0": [[[0.1765672103483571, 0.12762081786450805], [0.1765672103483571, 0.06414720310644725], [0.1765672103483571, 0.007073228939173121]]], "cpd00201_c0": [[[0.1256957789430685, 0.10329223058096892], [0.1256957789430685, 0.08123012177796429], [0.1256957789430685, 0.016678360768309777]]], "cpd00023_c0": [[[1.1063840426288092, 1.1288365199208557], [1.1063840426288092, 0.6834994072933022], [1.1063840426288092, 0.2983617091713117]]], "cpd00051_c0": [[[0.49965730957426086, 0.5097971380286285], [0.49965730957426086, 0.2601941186771822], [0.49965730957426086, 0.19165564387394604]]], "cpd11493_c0": [[[0.0, 0.0], [0.0, 0.0], [0.0, -1.3626007035373331e-08]]], "cpd11463_c0": [[[0.05851890892041903, 0.05554501540205095], [0.05851890892041903, 0.08940764172678897], [0.05851890892041903, 0.018380118465655727]]], "cpd00002_c0": [[[0.20438767416374937, 0.15293914140859832], [0.20438767416374937, 0.10570136361927185], [0.20438767416374937, 0.012222281868694182]]], "cpd00084_c0": [[[1.0682328687449318, 0.518154468160163], [1.0682328687449318, 0.11910692515645999], [1.0682328687449318, 0.012946472628310612]]], "cpd15665_c0": [[[0.0, 0.0], [0.0, 0.0], [0.0, -6.086872023889479e-07]]], "cpd00053_c0": [[[1.1063840426287594, 1.1288365199206183], [1.1063840426287594, 0.6767353152308537], [1.1063840426287594, 0.5007747565292672]]], "cpd00356_c0": [[[0.25254418364351183, 0.25766920563404677], [0.25254418364351183, 0.25546807768920776], [0.25254418364351183, 0.20646677396426824]]], "cpd00028_c0": [[[0.08239030104681266, 0.07183505126767767], [0.08239030104681266, 0.04053630122347672], [0.08239030104681266, 0.004562272372301955]]], "cpd00033_c0": [[[1.7210418440891329, 1.215670098376029], [1.7210418440891329, 0.336811072675382], [1.7210418440891329, 0.03016858838354669]]], "cpd00041_c0": [[[1.5489376596802804, 1.5803711278887547], [1.5489376596802804, 0.6021754126889937], [1.5489376596802804, 0.14932298291799237]]], "cpd15352_c0": [[[0.08867963700459965, 0.09006540543280228], [0.08867963700459965, 0.04892399806000075], [0.08867963700459965, 0.05026718948097707]]], "cpd15500_c0": [[[0.08479585728176531, 0.08118344835045398], [0.08479585728176531, 0.04233596676608725], [0.08479585728176531, 0.038440185317616234]]], "cpd00087_c0": [[[0.12801137683307848, 0.11208305871551894], [0.12801137683307848, 0.09284653071024808], [0.12801137683307848, 0.02773041128249839]]], "cpd00035_c0": [[[2.1744431721244672, 2.1946972358337926], [2.1744431721244672, 0.8645066001257334], [2.1744431721244672, 0.4936509972583332]]], "cpd11461_c0": [[[0.1328003946967601, 0.1046392674300295], [0.1328003946967601, 0.06849062082797859], [0.1328003946967601, 0.00979155451356681]]], "cpd11416_c0": [[[0.4192521028931696, 0.40706591952244386], [0.4192521028931696, 0.40706591952244825], [0.4192521028931696, 0.3509661635676218]]], "cpd00039_c0": [[[0.7375893617524507, 0.7525576799470607], [0.7375893617524507, 0.2729993957587928], [0.7375893617524507, 0.07814688714727155]]], "cpd00357_c0": [[[0.2687528533202611, 0.2312738235934583], [0.2687528533202611, 0.14380003332324195], [0.2687528533202611, 0.024704254914090826]]], "cpd00166_c0": [[[0.0, 0.0], [0.0, 0.0], [0.0, -5.146092283059645e-11]]], "cpd00107_c0": [[[0.8638198902960844, 0.8718660251942936], [0.8638198902960844, 0.4012552593034008], [0.8638198902960844, 0.3295728152387268]]], "cpd00322_c0": [[[0.8189461297611943, 0.7525576799470767], [0.8189461297611943, 0.2087107151257725], [0.8189461297611943, 0.039717575857962595]]], "cpd00161_c0": [[[1.1914905074463347, 0.9296300752286788], [1.1914905074463347, 0.3833842177294981], [1.1914905074463347, 0.0362630727289949]]], "cpd02229_c0": [[[0.07862699749577559, 0.07935937635808232], [0.07862699749577559, 0.039900377043002755], [0.07862699749577559, 0.036871830780924264]]], "cpd00115_c0": [[[0.2043876741637565, 0.15293914140859416], [0.2043876741637565, 0.10033665344294188], [0.2043876741637565, 0.01200291471461156]]], "cpd15793_c0": [[[0.047513425143566, 0.048477641959777065], [0.047513425143566, 0.01796317994322074], [0.047513425143566, 0.017198358009909927]]], "cpd00065_c0": [[[0.3097875319360327, 0.23945017089227538], [0.3097875319360327, 0.1228795942256383], [0.3097875319360327, 0.014635349292748113]]], "cpd00241_c0": [[[0.20438767416374948, 0.15293914140859813], [0.20438767416374948, 0.10690715739354126], [0.20438767416374948, 0.012595379031767225]]], "cpd00066_c0": [[[0.4342815868262416, 0.44309470875391466], [0.4342815868262416, 0.28250903168778607], [0.4342815868262416, 0.2519745009103567]]], "cpd00060_c0": [[[0.6118775654210503, 0.458078587793857], [0.6118775654210503, 0.11201821901716033], [0.6118775654210503, 0.01588152994129364]]],