{"biomass_reaction": [[[0.8041808271490424, 0.7809629344071389], [0.8041808271490424, 0.7493664914260678], [0.8041808271490424, 0.628833241425165]]], "cpd15560_c0": [[[0.0, 0.0], [0.0, 0.0], [0.0, 6.164274315784301e-09]]], "cpd00129_c0": [[[2.2307542278128065, 2.248787451202755], [2.2307542278128065, 0.9952901457529424], [2.2307542278128065, 0.4175667721002519]]], "cpd00054_c0": [[[3.301185239589637, 1.2127876241137847], [3.301185239589637, 0.31014560214531894], [3.301185239589637, 0.02588743679835572]]], "cpd00006_c0": [[[0.2044311960296391, 0.1749212919394697], [0.2044311960296391, 0.14050446367979205], [0.2044311960296391, 0.02368940229172601]]], "cpd00052_c0": [[[0.4844130514614923, 0.4943427815680666], [0.4844130514614923, 0.5574980945865134], [0.4844130514614923, 0.42496248138978726]]], "cpd01997_c0": [[[0.0, 0.0], [0.0, 0.0], [0.0, -1.4886446285224814e-07]]], "cpd00010_c0": [[[0.24330148262707235, 0.17243425935266377], [0.24330148262707235, 0.0937040218645033], [0.24330148262707235, 0.009776267368017975]]], "cpd00016_c0": [[[0.8653592375621859, 0.8830977845488424], [0.8653592375621859, 0.7041774083052651], [0.8653592375621859, 0.5399501575733373]]], "cpd15540_c0": [[[0.1779081865646852, 0.1815550335499608], [0.1779081865646852, 0.06751954456860476], [0.1779081865646852, 0.06102006260939206]]], "cpd15666_c0": [[[0.0, 0.0], [0.0, 0.0], [0.0, -1.2686990428671016e-08]]], "cpd00557_c0": [[[0.15637193240160704, 0.12325077480831473], [0.15637193240160704, 0.05468803277793657], [0.15637193240160704, 0.005990216851001938]]], "cpd00345_c0": [[[0.24110108162140576, 0.1981679124368913], [0.24110108162140576, 0.1459108977629327], [0.24110108162140576, 0.028172205104121755]]], "cpd00118_c0": [[[1.85691669726899, 1.8949806626776555], [1.85691669726899, 0.688778874258474], [1.85691669726899, 0.4073659637530806]]], "cpd15533_c0": [[[0.18227403163378414, 0.16938374638459716], [0.18227403163378414, 0.061269576641989516], [0.18227403163378414, 0.035378321647978245]]], "cpd00156_c0": [[[2.2307542278127945, 2.2487874512027255], [2.2307542278127945, 0.8090226867134986], [2.2307542278127945, 0.4075096502473954]]], "cpd00264_c0": [[[1.0610952555822868, 0.9474903313388126], [1.0610952555822868, 0.3284105841127334], [1.0610952555822868, 0.10080620125474904]]], "cpd03736_c0": [[[0.08015467757996272, 0.08179772644652199], [0.08015467757996272, 0.03802460569540898], [0.08015467757996272, 0.03509202090414228]]], "cpd00056_c0": [[[0.0, 0.0], [0.0, 0.0], [0.0, -1.4513429718213442e-07]]], "cpd00008_c0": [[[0.429982113306392, 0.3147372726938664], [0.429982113306392, 0.20119149714962423], [0.429982113306392, 0.022735902666328637]]], "cpd00069_c0": [[[0.8330093595225265, 0.8500847832572243], [0.8330093595225265, 0.5973692414494515], [0.8330093595225265, 0.5239540504247158]]], "cpd00038_c0": [[[0.3920425150734689, 0.2934163606727303], [0.3920425150734689, 0.21509041365358925], [0.3920425150734689, 0.02531300241158863]]], "cpd11462_c0": [[[0.25842705679936584, 0.20527573612276717], [0.25842705679936584, 0.14923014960812864], [0.25842705679936584, 0.020560010713611323]]], "cpd00132_c0": [[[2.1221905111645345, 2.165692185917566], [2.1221905111645345, 1.0206762131000877], [2.1221905111645345, 0.47055439848252945]]], "cpd00017_c0": [[[0.3386791963248029, 0.24484272357612932], [0.3386791963248029, 0.12304279572472501], [0.3386791963248029, 0.013111900714481716]]], "cpd00201_c0": [[[0.24110108162139876, 0.19816791243689935], [0.24110108162139876, 0.15581008674743313], [0.24110108162139876, 0.031299480214837416]]], "cpd00023_c0": [[[2.122190511164399, 2.165692185917319], [2.122190511164399, 1.3110420077085623], [2.122190511164399, 0.6608142829084726]]], "cpd00051_c0": [[[0.9584086179453137, 0.9780545355756987], [0.9584086179453137, 0.49908663578119006], [0.9584086179453137, 0.3817510135635732]]], "cpd11493_c0": [[[0.0, 0.0], [0.0, 0.0], [0.0, 8.128242760418719e-08]]], "cpd11463_c0": [[[0.11224698517844806, 0.10656406282049447], [0.11224698517844806, 0.1714956485158382], [0.11224698517844806, 0.036683971811188563]]], "cpd00002_c0": [[[0.3920425150734028, 0.2934163606727], [0.3920425150734028, 0.20274915603191349], [0.3920425150734028, 0.023202868822829577]]], "cpd00084_c0": [[[2.049011528021063, 0.9940882164867622], [2.049011528021063, 0.22846279107611775], [2.049011528021063, 0.024937652876469926]]], "cpd15665_c0": [[[0.0, 0.0], [0.0, 0.0], [0.0, 1.164884181338928e-10]]], "cpd00053_c0": [[[2.122190511164612, 2.1656921859173743], [2.122190511164612, 1.2980675870385465], [2.122190511164612, 0.913058661736284]]], "cpd00356_c0": [[[0.4844130514614517, 0.49434278156805644], [0.4844130514614517, 0.4900214658640225], [0.4844130514614517, 0.38892405243287737]]], "cpd00028_c0": [[[0.15803546359736692, 0.13781677546747023], [0.15803546359736692, 0.07775397194791651], [0.15803546359736692, 0.008347371196163533]]], "cpd00033_c0": [[[3.301185239589549, 2.332283892526706], [3.301185239589549, 0.64604805831132], [3.301185239589549, 0.05744220980444054]]], "cpd00041_c0": [[[2.971066715631087, 3.03196906028466], [2.971066715631087, 1.1550518604994646], [2.971066715631087, 0.2835028147919713]]], "cpd15352_c0": [[[0.17009923944448893, 0.17358601490178316], [0.17009923944448893, 0.0938426807065068], [0.17009923944448893, 0.09445302038652874]]], "cpd15500_c0": [[[0.1626496377170028, 0.15575183528857972], [0.1626496377170028, 0.0812059678107031], [0.1626496377170028, 0.07329798869437568]]], "cpd00087_c0": [[[0.24554270377109844, 0.21503326668684575], [0.24554270377109844, 0.17809189113006396], [0.24554270377109844, 0.0606152851578014]]], "cpd00035_c0": [[[4.3845858960456905, 4.420030507536832], [4.3845858960456905, 1.6582376760126778], [4.3845858960456905, 0.918837988758548]]], "cpd11461_c0": [[[0.25472867164169033, 0.2007522256891968], [0.25472867164169033, 0.131374043753895], [0.25472867164169033, 0.018626573424993687]]], "cpd11416_c0": [[[0.8041808271490428, 0.7809629344071344], [0.8041808271490428, 0.7809629344071344], [0.8041808271490428, 0.6746977900842949]]], "cpd00039_c0": [[[1.4147936741098455, 1.443794790611614], [1.4147936741098455, 0.5236488460702375], [1.4147936741098455, 0.13356969709188832]]], "cpd00357_c0": [[[0.5155034176103496, 0.4437027893098861], [0.5155034176103496, 0.2758274292339577], [0.5155034176103496, 0.0469340636211928]]], "cpd00166_c0": [[[0.0, 0.0], [0.0, 0.0], [0.0, 3.6738497104321634e-08]]], "cpd00107_c0": [[[1.7418217943195056, 1.7559025303912756], [1.7418217943195056, 0.7696605075986493], [1.7418217943195056, 0.623883333431419]]], "cpd00322_c0": [[[1.6513375452640222, 1.443794790611552], [1.6513375452640222, 0.40033467779057874], [1.6513375452640222, 0.08926615600856733]]], "cpd00161_c0": [[[2.2854359351003426, 1.783511211932085], [2.2854359351003426, 0.7353814929060428], [2.2854359351003426, 0.0719593273498668]]], "cpd02229_c0": [[[0.15854487654030436, 0.15982653954932644], [0.15854487654030436, 0.07653418549979309], [0.15854487654030436, 0.07010700089137949]]], "cpd00115_c0": [[[0.3920425150734529, 0.2934163606726923], [0.3920425150734529, 0.19245893437933095], [0.3920425150734529, 0.023014615758913774]]], "cpd15793_c0": [[[0.09113701581688213, 0.09300518589829543], [0.09113701581688213, 0.03445574823663877], [0.09113701581688213, 0.031586573142617154]]], "cpd00065_c0": [[[0.5942133431261325, 0.4593892515581685], [0.5942133431261325, 0.2356992679158672], [0.5942133431261325, 0.029093659607011352]]], "cpd00241_c0": [[[0.39204251507344556, 0.29341636067271026], [0.39204251507344556, 0.2050620275190605], [0.39204251507344556, 0.02501570894230888]]], "cpd00066_c0": [[[0.8330093595225558, 0.8500847832574803], [0.8330093595225558, 0.5418895819770588], [0.8330093595225558, 0.4602699347015446]]], "cpd00060_c0": [[[1.1736618690249891, 0.8788316116766192], [1.1736618690249891, 0.21486571779450653], [1.1736618690249891, 0.030655910823645525]]],