{"biomass_reaction": [[[0.30507313914699336, 0.30647144212317406], [0.30507313914699336, 0.2878280804234804], [0.30507313914699336, 0.251299946085072]]], "cpd15560_c0": [[[0.0, 0.0], [0.0, 0.0], [0.0, 6.36517336432733e-09]]], "cpd00129_c0": [[[1.005547341266615, 0.8995681187243973], [1.005547341266615, 0.73525283918288], [1.005547341266615, 0.42349638254269273]]], "cpd00054_c0": [[[1.2483231603054659, 0.5706490875518155], [1.2483231603054659, 0.12922162011587535], [1.2483231603054659, 0.011990286659752002]]], "cpd00006_c0": [[[0.07220524381378543, 0.06597453738790555], [0.07220524381378543, 0.055457395194187555], [0.07220524381378543, 0.009888782283569182]]], "cpd00052_c0": [[[0.1772310529974664, 0.1832626038553082], [0.1772310529974664, 0.2013081127348396], [0.1772310529974664, 0.1582628850162514]]], "cpd01997_c0": [[[0.0, 0.0], [0.0, 0.0], [0.0, 3.510276261174938e-09]]], "cpd00010_c0": [[[0.09758181340908913, 0.07603142077182046], [0.09758181340908913, 0.035402450162574914], [0.09758181340908913, 0.0043763210561425445]]], "cpd00016_c0": [[[0.35991536916408595, 0.3721640570600307], [0.35991536916408595, 0.28485790822368606], [0.35991536916408595, 0.1826011115913142]]], "cpd15540_c0": [[[0.08156808637938498, 0.08024316552001756], [0.08156808637938498, 0.032824268938875925], [0.08156808637938498, 0.02455971743531844]]], "cpd15666_c0": [[[0.0, 0.0], [0.0, 0.0], [0.0, 2.033769991847139e-09]]], "cpd00557_c0": [[[0.07326043526827015, 0.05799279345038501], [0.07326043526827015, 0.02289060233806988], [0.07326043526827015, 0.0028194359832262195]]], "cpd00345_c0": [[[0.0931240709942728, 0.08108602360525533], [0.0931240709942728, 0.05687509026355949], [0.0931240709942728, 0.01137733884975425]]], "cpd00118_c0": [[[0.9552699742032962, 0.8545897127881833], [0.9552699742032962, 0.4486327274639665], [0.9552699742032962, 0.21180810019150298]]], "cpd15533_c0": [[[0.08120455173256974, 0.07969959323349263], [0.08120455173256974, 0.029650663922778816], [0.08120455173256974, 0.01548372368835491]]], "cpd00156_c0": [[[0.9002280534383734, 0.8880521074309714], [0.9002280534383734, 0.4775046747225846], [0.9002280534383734, 0.18522639894975493]]], "cpd00264_c0": [[[0.5402040034152678, 0.4458195996498503], [0.5402040034152678, 0.19523262023872845], [0.5402040034152678, 0.06237745536364769]]], "cpd03736_c0": [[[0.033654724023983396, 0.03715163330415373], [0.033654724023983396, 0.01845462732266422], [0.033654724023983396, 0.013809458010403319]]], "cpd00056_c0": [[[0.0, 0.0], [0.0, 0.0], [0.0, 1.8864096471655613e-08]]], "cpd00008_c0": [[[0.14971052862057077, 0.12238109802141973], [0.14971052862057077, 0.07433282598878023], [0.14971052862057077, 0.010175016663755594]]], "cpd00069_c0": [[[0.36241640137901043, 0.37995806872618615], [0.36241640137901043, 0.2843335656202916], [0.36241640137901043, 0.18577215941607841]]], "cpd00038_c0": [[[0.13334432387890188, 0.11096634728853744], [0.13334432387890188, 0.07607783608300014], [0.13334432387890188, 0.010259877143636723]]], "cpd11462_c0": [[[0.09124706616561322, 0.07898524765020778], [0.09124706616561322, 0.05707148119450713], [0.09124706616561322, 0.008671230690812118]]], "cpd00132_c0": [[[0.948425634959515, 0.980702582793176], [0.948425634959515, 0.4547134116472493], [0.948425634959515, 0.22130077264383524]]], "cpd00017_c0": [[[0.13920698358171696, 0.109542628115797], [0.13920698358171696, 0.045820090158272715], [0.13920698358171696, 0.005811165218805934]]], "cpd00201_c0": [[[0.09040842372347771, 0.07896843430543782], [0.09040842372347771, 0.05836776746897998], [0.09040842372347771, 0.012962892189871164]]], "cpd00023_c0": [[[1.1463239690439593, 1.0190162277711043], [1.1463239690439593, 0.8388459319466375], [1.1463239690439593, 0.41163814444375607]]], "cpd00051_c0": [[[0.5276954660676619, 0.46020087705788626], [0.5276954660676619, 0.2358344627605559], [0.5276954660676619, 0.1611402033168748]]], "cpd11493_c0": [[[0.0, 0.0], [0.0, 0.0], [0.0, -7.911778268569835e-13]]], "cpd11463_c0": [[[0.04658211748730787, 0.046385530299241334], [0.04658211748730787, 0.08155638753248862], [0.04658211748730787, 0.014706948949230768]]], "cpd00002_c0": [[[0.13627496835975994, 0.11304048462103189], [0.13627496835975994, 0.07395598213939335], [0.13627496835975994, 0.010040621261130974]]], "cpd00084_c0": [[[1.2066568095199266, 0.4677451537309899], [1.2066568095199266, 0.09523920451613574], [1.2066568095199266, 0.011638392602932897]]], "cpd15665_c0": [[[0.0, 0.0], [0.0, 0.0], [0.0, -4.106345484994177e-08]]], "cpd00053_c0": [[[1.1463239690439166, 1.0190162277710981], [1.1463239690439166, 0.7438905147427087], [1.1463239690439166, 0.4689361312541143]]], "cpd00356_c0": [[[0.1827695234036466, 0.18898956022576802], [0.1827695234036466, 0.1848794715300555], [0.1827695234036466, 0.13284738475938437]]], "cpd00028_c0": [[[0.06853857127636462, 0.06484648722179853], [0.06853857127636462, 0.03260268399201769], [0.06853857127636462, 0.0038639519343435518]]], "cpd00033_c0": [[[1.2760635815819183, 1.0974020914457754], [1.2760635815819183, 0.2766922108908676], [1.2760635815819183, 0.026991988997614458]]], "cpd00041_c0": [[[1.42471665034868, 1.4266227188794554], [1.42471665034868, 0.573292401595862], [1.42471665034868, 0.13328225038787472]]], "cpd15352_c0": [[[0.056192047170372406, 0.06705032557093894], [0.056192047170372406, 0.041346722566872836], [0.056192047170372406, 0.0318685915401834]]], "cpd15500_c0": [[[0.05382650308713523, 0.0647594952667152], [0.05382650308713523, 0.03671850862162527], [0.05382650308713523, 0.025198982405763987]]], "cpd00087_c0": [[[0.09345339146071618, 0.08568121738688567], [0.09345339146071618, 0.07142771305411388], [0.09345339146071618, 0.023995879236419614]]], "cpd00035_c0": [[[1.7820841057862125, 1.757980702465389], [1.7820841057862125, 0.9716784612492045], [1.7820841057862125, 0.4227395443760438]]], "cpd11461_c0": [[[0.09468767674196901, 0.08049845587887841], [0.09468767674196901, 0.05031378629673207], [0.09468767674196901, 0.007974219342380535]]], "cpd11416_c0": [[[0.3050731391469936, 0.3064714421231731], [0.3050731391469936, 0.30620690959757296], [0.3050731391469936, 0.26997823211773947]]], "cpd00039_c0": [[[0.736601381923207, 0.665914061912881], [0.736601381923207, 0.28976673526653396], [0.736601381923207, 0.06749186472230694]]], "cpd00357_c0": [[[0.2038524184230894, 0.182800985205792], [0.2038524184230894, 0.11010899387242494], [0.2038524184230894, 0.020807930306091342]]], "cpd00166_c0": [[[0.0, 0.0], [0.0, 0.0], [0.0, 7.783113114129852e-11]]], "cpd00107_c0": [[[0.6429603035696956, 0.6476771009083061], [0.6429603035696956, 0.3574660688811555], [0.6429603035696956, 0.2232604600691366]]], "cpd00322_c0": [[[0.7040861168109138, 0.6330294168801647], [0.7040861168109138, 0.19818117310689976], [0.7040861168109138, 0.04179019992166458]]], "cpd00161_c0": [[[0.9884999575634251, 0.8391898346350241], [0.9884999575634251, 0.32845519393748757], [0.9884999575634251, 0.03423989968930139]]], "cpd02229_c0": [[[0.04797964791308547, 0.05690830898251769], [0.04797964791308547, 0.032804251217235285], [0.04797964791308547, 0.023996982064743287]]], "cpd00115_c0": [[[0.13933732719930414, 0.11519363670904888], [0.13933732719930414, 0.0705832654096398], [0.13933732719930414, 0.00963601484977999]]], "cpd15793_c0": [[[0.041504034840533555, 0.04128452718783537], [0.041504034840533555, 0.0166133032057822], [0.041504034840533555, 0.013393479422173924]]], "cpd00065_c0": [[[0.2387193775068136, 0.2027150590131322], [0.2387193775068136, 0.09574249865587185], [0.2387193775068136, 0.013315937565876953]]], "cpd00241_c0": [[[0.13627496835975383, 0.1130404846210266], [0.13627496835975383, 0.07326482757733599], [0.13627496835975383, 0.010343374960148533]]], "cpd00066_c0": [[[0.3858898876312134, 0.3855737078052704], [0.3858898876312134, 0.26991735956595475], [0.3858898876312134, 0.18941565225040105]]], "cpd00060_c0": [[[0.681296824814299, 0.4135138315592731], [0.681296824814299, 0.09920473713151264], [0.681296824814299, 0.01531169509629912]]],