{"biomass_reaction": [[[0.39060294354923747, 0.3906029435492367], [0.39060294354923747, 0.39060294354923747], [0.39060294354923747, 0.39060294354923875]]], "cpd15560_c0": [[[0.0, 0.0], [0.0, 0.0], [0.0, -8.648595702632549e-08]]], "cpd00129_c0": [[[0.9858789763037681, 0.9858789763037739], [0.9858789763037681, 0.24913837796876276], [0.9858789763037681, 0.21332968534153443]]], "cpd00054_c0": [[[2.2384460297470024, 2.217650393690156], [2.2384460297470024, 0.502406456548355], [2.2384460297470024, 0.30784692026582416]]], "cpd00006_c0": [[[0.14248824539090799, 0.14248824539090782], [0.14248824539090799, 0.05874166021029046], [0.14248824539090799, 0.04881329685924708]]], "cpd00052_c0": [[[0.4907928452353667, 0.490792845235362], [0.4907928452353667, 0.21743760289236835], [0.4907928452353667, 0.11838170180351965]]], "cpd01997_c0": [[[0.0, 0.0], [0.0, 0.0], [0.0, 4.425847030852683e-06]]], "cpd00010_c0": [[[0.22460011561617765, 0.224600115616171], [0.22460011561617765, 0.07709650363198142], [0.22460011561617765, 0.06824761733993988]]], "cpd00016_c0": [[[0.38596330547635826, 0.38596330547635366], [0.38596330547635826, 0.12722167395308404], [0.38596330547635826, 0.09570761453452638]]], "cpd15540_c0": [[[0.07934974144523757, 0.07934974144523892], [0.07934974144523757, 0.01963468467913935], [0.07934974144523757, 0.01952487794496242]]], "cpd15666_c0": [[[0.0, 0.0], [0.0, 0.0], [0.0, 1.4300188518262465e-09]]], "cpd00557_c0": [[[0.0907630604202366, 0.09076306042023881], [0.0907630604202366, 0.024114878635726464], [0.0907630604202366, 0.024127130514214924]]], "cpd00345_c0": [[[0.17284443680029457, 0.17284443680028713], [0.17284443680029457, 0.0702558571405565], [0.17284443680029457, 0.06965613077052062]]], "cpd00118_c0": [[[0.828212926334659, 0.8282129263346966], [0.828212926334659, 0.19594069932245234], [0.828212926334659, 0.15554164430227146]]], "cpd15533_c0": [[[0.08334218126638288, 0.08334218126638433], [0.08334218126638288, 0.02034093305106307], [0.08334218126638288, 0.019715402949056028]]], "cpd00156_c0": [[[0.985878976303763, 0.9858789763037791], [0.985878976303763, 0.21553191947250477], [0.985878976303763, 0.18650521881607707]]], "cpd00264_c0": [[[0.573419404584844, 0.5734194045848475], [0.573419404584844, 0.11741175973553591], [0.573419404584844, 0.1055085436270203]]], "cpd03736_c0": [[[0.03575019825905035, 0.0357501982590505], [0.03575019825905035, 0.010360754115057757], [0.03575019825905035, 0.010520160171808207]]], "cpd00056_c0": [[[0.0, 0.0], [0.0, 0.0], [0.0, 1.2091735929944388e-08]]], "cpd00008_c0": [[[0.8282129263347197, 0.8282129263346673], [0.8282129263347197, 0.2555695724539949], [0.8282129263347197, 0.15072589028385647]]], "cpd00069_c0": [[[0.3715347706921344, 0.3715347706921938], [0.3715347706921344, 0.12729114639387498], [0.3715347706921344, 0.11700979695711283]]], "cpd00038_c0": [[[0.4907928452353562, 0.49079284523535294], [0.4907928452353562, 0.16790024945037355], [0.4907928452353562, 0.10769894941296657]]], "cpd11462_c0": [[[0.477180029011233, 0.4771800290112116], [0.477180029011233, 0.13567541843877418], [0.477180029011233, 0.10659196380435543]]], "cpd00132_c0": [[[0.9465290586681829, 0.946529058668169], [0.9465290586681829, 0.286594891256915], [0.9465290586681829, 0.17723853301336842]]], "cpd00017_c0": [[[0.49079284523535205, 0.49079284523537287], [0.49079284523535205, 0.12828801889180091], [0.49079284523535205, 0.11973743282829483]]], "cpd00201_c0": [[[0.17284443680028017, 0.17284443680028264], [0.17284443680028017, 0.06774303977747403], [0.17284443680028017, 0.06790050958777566]]], "cpd00023_c0": [[[0.9465290586682095, 0.9465290586681869], [0.9465290586682095, 0.28819087164847185], [0.9465290586682095, 0.22735815895307565]]], "cpd00051_c0": [[[0.77949451890323, 0.7794945189032372], [0.77949451890323, 0.20248960000023541], [0.77949451890323, 0.15541423533487145]]], "cpd11493_c0": [[[0.0, 0.0], [0.0, 0.0], [0.0, 4.6133858849652895e-09]]], "cpd11463_c0": [[[0.054310950616603126, 0.05431095061660407], [0.054310950616603126, 0.05654899654068449], [0.054310950616603126, 0.05062443199264493]]], "cpd00002_c0": [[[0.5761481226675987, 0.5761481226675972], [0.5761481226675987, 0.20270829935841986], [0.5761481226675987, 0.11468216246249333]]], "cpd00084_c0": [[[2.3183905308093977, 2.268051539001294], [2.3183905308093977, 0.3289713370083009], [2.3183905308093977, 0.23044217323288224]]], "cpd15665_c0": [[[0.0, 0.0], [0.0, 0.0], [0.0, 6.595838716243023e-12]]], "cpd00053_c0": [[[0.9465290586681837, 0.9465290586681986], [0.9465290586681837, 0.24280788999505395], [0.9465290586681837, 0.18582010270247032]]], "cpd00356_c0": [[[0.4907928452353559, 0.49079284523537464], [0.4907928452353559, 0.193345284689237], [0.4907928452353559, 0.11124267894409853]]], "cpd00028_c0": [[[0.09465290586682021, 0.09465290586682076], [0.09465290586682021, 0.026838486368590583], [0.09465290586682021, 0.024921192558756532]]], "cpd00033_c0": [[[3.746340109954305, 3.746340109954355], [3.746340109954305, 0.5272065230144362], [3.746340109954305, 0.3429362818169476]]], "cpd00041_c0": [[[1.3251406821355016, 1.3251406821354963], [1.3251406821355016, 0.3353954435068407], [1.3251406821355016, 0.24106929405325425]]], "cpd15352_c0": [[[0.07586683294668459, 0.07586683294668907], [0.07586683294668459, 0.01922450409250195], [0.07586683294668459, 0.0173182220691829]]], "cpd15500_c0": [[[0.07175852069325472, 0.07175852069325916], [0.07175852069325472, 0.018524750975862193], [0.07175852069325472, 0.017033432992655487]]], "cpd00087_c0": [[[0.17747419850028923, 0.17747419850028656], [0.17747419850028923, 0.07242033449990949], [0.17747419850028923, 0.0704642564483853]]], "cpd00035_c0": [[[1.9377621258384459, 1.9377621258384534], [1.9377621258384459, 0.41155332624119184], [1.9377621258384459, 0.34600263950938726]]], "cpd11461_c0": [[[0.466351351762469, 0.46635135176248943], [0.466351351762469, 0.13523560610475588], [0.466351351762469, 0.10897359004086889]]], "cpd11416_c0": [[[0.3906029435492383, 0.39060294354923675], [0.3906029435492383, 0.3906029435492371], [0.3906029435492383, 0.3906033490452856]]], "cpd00039_c0": [[[0.6310193724454666, 0.6310193724454725], [0.6310193724454666, 0.1520372918709297], [0.6310193724454666, 0.14268818662728222]]], "cpd00357_c0": [[[0.6023366736979513, 0.602336673697957], [0.6023366736979513, 0.2456389110631302], [0.6023366736979513, 0.11823497283721589]]], "cpd00166_c0": [[[0.0, 0.0], [0.0, 0.0], [0.0, 1.1250314951337616e-08]]], "cpd00107_c0": [[[0.7697959130043128, 0.7697959130043175], [0.7697959130043128, 0.18650059657939033], [0.7697959130043128, 0.14894057830763344]]], "cpd00322_c0": [[[0.7914803049199284, 0.7914803049199325], [0.7914803049199284, 0.16085552407831516], [0.7914803049199284, 0.15018135764487625]]], "cpd00161_c0": [[[1.4409000422901197, 1.4409000422901368], [1.4409000422901197, 0.3256172568184241], [1.4409000422901197, 0.27647747609478635]]], "cpd02229_c0": [[[0.07006870529839757, 0.07006870529839788], [0.07006870529839757, 0.01570426034555035], [0.07006870529839757, 0.013318759298456268]]], "cpd00115_c0": [[[0.576148122667602, 0.57614812266762], [0.576148122667602, 0.22444830373639285], [0.576148122667602, 0.11934505954836991]]], "cpd15793_c0": [[[0.040648487182071626, 0.04064848718207156], [0.040648487182071626, 0.010028465977726258], [0.040648487182071626, 0.009895553787086177]]], "cpd00065_c0": [[[0.28807406133379954, 0.2880740613338017], [0.28807406133379954, 0.09120207152823437], [0.28807406133379954, 0.08235734641624685]]], "cpd00241_c0": [[[0.4907928452353538, 0.4907928452353576], [0.4907928452353538, 0.16796097070704158], [0.4907928452353538, 0.1098316921727732]]], "cpd00066_c0": [[[0.3715347706921994, 0.3715347706921964], [0.3715347706921994, 0.12138446598241459], [0.3715347706921994, 0.11281824865964601]]], "cpd00060_c0": [[[0.736189267853018, 0.7361892678530547], [0.736189267853018, 0.1625805635468693], [0.736189267853018, 0.14914874680824405]]],