{"biomass_reaction": [[[0.3139088587955103, 0.31390885879551067], [0.3139088587955103, 0.31390885879551034], [0.3139088587955103, 0.3139088587955103]]], "cpd15560_c0": [[[0.0, 0.0], [0.0, 0.0], [0.0, -4.559768463670249e-08]]], "cpd00129_c0": [[[0.7571402369012343, 0.7571402369012299], [0.7571402369012343, 0.20007452836757922], [0.7571402369012343, 0.17079516027112276]]], "cpd00054_c0": [[[1.2911901856466845, 0.6202190795448315], [1.2911901856466845, 0.2806385062712389], [1.2911901856466845, 0.2442677350102602]]], "cpd00006_c0": [[[0.1145109714125811, 0.11451097141257956], [0.1145109714125811, 0.04717344121056405], [0.1145109714125811, 0.03919927147851904]]], "cpd00052_c0": [[[0.3944266793099944, 0.3944266793099966], [0.3944266793099944, 0.1747666470205095], [0.3944266793099944, 0.09507216374491775]]], "cpd01997_c0": [[[0.0, 0.0], [0.0, 0.0], [0.0, 1.664904419596957e-07]]], "cpd00010_c0": [[[0.17878017955108083, 0.17421884256877274], [0.17878017955108083, 0.06188532628752797], [0.17878017955108083, 0.05521495068062197]]], "cpd00016_c0": [[[0.3101802041175739, 0.31018020411756686], [0.3101802041175739, 0.10227656031969416], [0.3101802041175739, 0.07690334687292773]]], "cpd15540_c0": [[[0.06376958288245474, 0.06376958288245463], [0.06376958288245474, 0.01575569774676973], [0.06376958288245474, 0.01565558002120674]]], "cpd15666_c0": [[[0.0, 0.0], [0.0, 0.0], [0.0, -2.497327833206955e-09]]], "cpd00557_c0": [[[0.07000428717361602, 0.06303039426268625], [0.07000428717361602, 0.0193771829795016], [0.07000428717361602, 0.019385901858873685]]], "cpd00345_c0": [[[0.13890678706134776, 0.13890678706134624], [0.13890678706134776, 0.05639813135123309], [0.13890678706134776, 0.056090451725013875]]], "cpd00118_c0": [[[0.6655950213356426, 0.6655950213356269], [0.6655950213356426, 0.15735328825923064], [0.6655950213356426, 0.12496387086476082]]], "cpd15533_c0": [[[0.06697811535452756, 0.06697811535452752], [0.06697811535452756, 0.016332417247464176], [0.06697811535452756, 0.015824213287798417]]], "cpd00156_c0": [[[0.757140236901233, 0.7571402369012327], [0.757140236901233, 0.1730863285223287], [0.757140236901233, 0.1492961416029706]]], "cpd00264_c0": [[[0.44037748472826826, 0.44037748472826654], [0.44037748472826826, 0.09433914431996561], [0.44037748472826826, 0.08443475071675464]]], "cpd03736_c0": [[[0.028730720345422685, 0.028730720345422088], [0.028730720345422685, 0.008316002437575118], [0.028730720345422685, 0.008427374451851866]]], "cpd00056_c0": [[[0.0, 0.0], [0.0, 0.0], [0.0, 3.4406434195507575e-10]]], "cpd00008_c0": [[[0.6655950213356355, 0.6655950213356269], [0.6655950213356355, 0.20536151211402426], [0.6655950213356355, 0.1213076851346854]]], "cpd00069_c0": [[[0.29858468246831704, 0.2985846824683018], [0.29858468246831704, 0.10222317528019272], [0.29858468246831704, 0.09236329841462933]]], "cpd00038_c0": [[[0.3944266793100145, 0.39442667931000097], [0.3944266793100145, 0.1349728901462114], [0.3944266793100145, 0.08670597631121021]]], "cpd11462_c0": [[[0.383486711558905, 0.38348671155890107], [0.383486711558905, 0.10904148081240378], [0.383486711558905, 0.08424363646529129]]], "cpd00132_c0": [[[0.7606800243835765, 0.7606800243835689], [0.7606800243835765, 0.23015457581558432], [0.7606800243835765, 0.14113719371261824]]], "cpd00017_c0": [[[0.39442667930999326, 0.39442667930999453], [0.39442667930999326, 0.10302375875002082], [0.39442667930999326, 0.09669135313006508]]], "cpd00201_c0": [[[0.13890678706134857, 0.13890678706134718], [0.13890678706134857, 0.05438729017108639], [0.13890678706134857, 0.054588921863512045]]], "cpd00023_c0": [[[0.7606800243835724, 0.7606800243835281], [0.7606800243835724, 0.2315628952202575], [0.7606800243835724, 0.18294431020361998]]], "cpd00051_c0": [[[0.6264423730217552, 0.6264423730217414], [0.6264423730217552, 0.16261248688255675], [0.6264423730217552, 0.12557404609767953]]], "cpd11493_c0": [[[0.0, 0.0], [0.0, 0.0], [0.0, 1.2577345304733207e-10]]], "cpd11463_c0": [[[0.04364710714477413, 0.04364710714477332], [0.04364710714477413, 0.04541256913037986], [0.04364710714477413, 0.04103738508247331]]], "cpd00002_c0": [[[0.46302262353782864, 0.4630226235378413], [0.46302262353782864, 0.16289896397041112], [0.46302262353782864, 0.09204231832925407]]], "cpd00084_c0": [[[1.4525889588525163, 0.6460615411925383], [1.4525889588525163, 0.25366885894498215], [1.4525889588525163, 0.1848373226210889]]], "cpd15665_c0": [[[0.0, 0.0], [0.0, 0.0], [0.0, -6.945368759111905e-11]]], "cpd00053_c0": [[[0.7606800243835722, 0.7606800243835625], [0.7606800243835722, 0.19510931788823707], [0.7606800243835722, 0.1492731426769769]]], "cpd00356_c0": [[[0.3944266793099945, 0.39442667930999215], [0.3944266793099945, 0.15524474499836147], [0.3944266793099945, 0.08971287304145648]]], "cpd00028_c0": [[[0.07449174147961715, 0.07047944085736702], [0.07449174147961715, 0.021571326012793098], [0.07449174147961715, 0.019997965446476973]]], "cpd00033_c0": [[[1.6426478767816315, 1.1927289991246575], [1.6426478767816315, 0.41379666750949995], [1.6426478767816315, 0.275139190521022]]], "cpd00041_c0": [[[1.0649520341369996, 1.0649520341369365], [1.0649520341369996, 0.26934463378691625], [1.0649520341369996, 0.19337158803500468]]], "cpd15352_c0": [[[0.060970536305553255, 0.06097053630555405], [0.060970536305553255, 0.015425353269957037], [0.060970536305553255, 0.01390420568280023]]], "cpd15500_c0": [[[0.05766888271499937, 0.05766888271499848], [0.05766888271499937, 0.014863948341173445], [0.05766888271499937, 0.01366827403750206]]], "cpd00087_c0": [[[0.14262750457191947, 0.1426275045719192], [0.14262750457191947, 0.05814211356551554], [0.14262750457191947, 0.057402255143944224]]], "cpd00035_c0": [[[1.4881721897713893, 1.4881721897713884], [1.4881721897713893, 0.33063455236649303], [1.4881721897713893, 0.27784382043720707]]], "cpd11461_c0": [[[0.37478422282051205, 0.37478422282051516], [0.37478422282051205, 0.1086262841574106], [0.37478422282051205, 0.08695718546265205]]], "cpd11416_c0": [[[0.31390885879551084, 0.31390885879551067], [0.31390885879551084, 0.3139088587955107], [0.31390885879551084, 0.31390886924637873]]], "cpd00039_c0": [[[0.5071200162557182, 0.5071200162557056], [0.5071200162557182, 0.12209596013815448], [0.5071200162557182, 0.11486937636387139]]], "cpd00357_c0": [[[0.4840691064259072, 0.4840691064258988], [0.4840691064259072, 0.1974210277775106], [0.4840691064259072, 0.09421087224775805]]], "cpd00166_c0": [[[0.0, 0.0], [0.0, 0.0], [0.0, 3.499896172618678e-08]]], "cpd00107_c0": [[[0.591191691826991, 0.5911916918269924], [0.591191691826991, 0.14974467490320645], [0.591191691826991, 0.11955826653072031]]], "cpd00322_c0": [[[0.6044956826413765, 0.592752470995322], [0.6044956826413765, 0.1292597104773125], [0.6044956826413765, 0.12050071765518178]]], "cpd00161_c0": [[[1.0509178678452293, 0.9120868816835703], [1.0509178678452293, 0.26165774409678316], [1.0509178678452293, 0.22063299370292286]]], "cpd02229_c0": [[[0.05381171259771889, 0.05381171259771846], [0.05381171259771889, 0.012604497675385393], [0.05381171259771889, 0.010649652457803551]]], "cpd00115_c0": [[[0.4630226235378283, 0.46302262353781565], [0.4630226235378283, 0.18038236437776295], [0.4630226235378283, 0.09544821376380754]]], "cpd15793_c0": [[[0.0326672403109513, 0.03266724031095058], [0.0326672403109513, 0.008047381521537712], [0.0326672403109513, 0.00794680120363777]]], "cpd00065_c0": [[[0.231511311768914, 0.23151131176890144], [0.231511311768914, 0.07332152115210994], [0.231511311768914, 0.06632620274701032]]], "cpd00241_c0": [[[0.3944266793100014, 0.3944266793099938], [0.3944266793100014, 0.13492114206559502], [0.3944266793100014, 0.08818719405135021]]], "cpd00066_c0": [[[0.2985846824683127, 0.29858468246831327], [0.2985846824683127, 0.09757719080537311], [0.2985846824683127, 0.09009201360260449]]], "cpd00060_c0": [[[0.5810355835410226, 0.5537670353078858], [0.5810355835410226, 0.13056290178406169], [0.5810355835410226, 0.11952815231832864]]],