{"biomass_reaction": [[[0.29137247484373285, 0.285654869440719], [0.29137247484373285, 0.27851764385393635], [0.29137247484373285, 0.24818234697414795]]], "cpd15560_c0": [[[0.0, 0.0], [0.0, 0.0], [0.0, -2.4141574355685255e-07]]], "cpd00129_c0": [[[0.7026228446544194, 0.7070710261637341], [0.7026228446544194, 0.3058197985655385], [0.7026228446544194, 0.11672455588181713]]], "cpd00054_c0": [[[1.119708681754298, 0.40844420365978895], [1.119708681754298, 0.10946138304523939], [1.119708681754298, 0.012074603006586856]]], "cpd00006_c0": [[[0.10835890468589665, 0.10979682894079994], [0.10835890468589665, 0.08799791181382628], [0.10835890468589665, 0.08966346172163331]]], "cpd00052_c0": [[[0.3687698108224635, 0.37818907746275887], [0.3687698108224635, 0.35105829551646744], [0.3687698108224635, 0.146293395018388]]], "cpd01997_c0": [[[0.0, 0.0], [0.0, 0.0], [0.0, -1.0712982570492695e-07]]], "cpd00010_c0": [[[0.16520292025882855, 0.11473151788196301], [0.16520292025882855, 0.05246426569340804], [0.16520292025882855, 0.008283490852705275]]], "cpd00016_c0": [[[0.29351586803267926, 0.2974108279076082], [0.29351586803267926, 0.2012596033743313], [0.29351586803267926, 0.15498827451405228]]], "cpd15540_c0": [[[0.06034358165143017, 0.06114434186523692], [0.06034358165143017, 0.02277503984569671], [0.06034358165143017, 0.021939299206720362]]], "cpd15666_c0": [[[0.0, 0.0], [0.0, 0.0], [0.0, 4.4208472784038855e-10]]], "cpd00557_c0": [[[0.05303883229362358, 0.041508557282498706], [0.05303883229362358, 0.018859938117819403], [0.05303883229362358, 0.0026556960689028786]]], "cpd00345_c0": [[[0.13867951563010278, 0.13318832728036575], [0.13867951563010278, 0.09834337541700006], [0.13867951563010278, 0.11501946264113388]]], "cpd00118_c0": [[[0.6298361334867768, 0.6381940682184465], [0.6298361334867768, 0.22312151639001987], [0.6298361334867768, 0.11319230589903807]]], "cpd15533_c0": [[[0.061824405741034115, 0.05704527984075186], [0.061824405741034115, 0.020713215244870232], [0.061824405741034115, 0.013108964437879834]]], "cpd00156_c0": [[[0.7026228446544158, 0.7070710261637355], [0.7026228446544158, 0.2633737978304954], [0.7026228446544158, 0.15369694363286499]]], "cpd00264_c0": [[[0.3599063619924541, 0.3190970341092087], [0.3599063619924541, 0.1068803528814445], [0.3599063619924541, 0.033657462999816944]]], "cpd03736_c0": [[[0.0271871712296455, 0.027547945390722438], [0.0271871712296455, 0.012832891029306816], [0.0271871712296455, 0.013148208450778943]]], "cpd00056_c0": [[[0.0, 0.0], [0.0, 0.0], [0.0, 5.272398207519821e-08]]], "cpd00008_c0": [[[0.6222990557628852, 0.6381940682184118], [0.6222990557628852, 0.36487204876701246], [0.6222990557628852, 0.17164333217164368]]], "cpd00069_c0": [[[0.2825433122183679, 0.2862926661166612], [0.2825433122183679, 0.1834200176988114], [0.2825433122183679, 0.16829010805116887]]], "cpd00038_c0": [[[0.35141593737198107, 0.3781890774627508], [0.35141593737198107, 0.29550330017515003], [0.35141593737198107, 0.129245982529901]]], "cpd11462_c0": [[[0.3477778735303453, 0.3676994819858764], [0.3477778735303453, 0.21545543507760898], [0.3477778735303453, 0.14550474909085856]]], "cpd00132_c0": [[[0.7198127239848773, 0.7293646493924718], [0.7198127239848773, 0.31518086843883497], [0.7198127239848773, 0.10095891821810718]]], "cpd00017_c0": [[[0.3742819632078603, 0.27597581328364734], [0.3742819632078603, 0.09656543276057439], [0.3742819632078603, 0.01593999355706182]]], "cpd00201_c0": [[[0.13867951563012318, 0.13318832728036578], [0.13867951563012318, 0.1133430495521819], [0.13867951563012318, 0.13517598833291813]]], "cpd00023_c0": [[[0.7198127239848859, 0.7293646493924992], [0.7198127239848859, 0.38258857244251154], [0.7198127239848859, 0.17597986188138978]]], "cpd00051_c0": [[[0.5927869491640214, 0.6006532406761768], [0.5927869491640214, 0.2254288367617627], [0.5927869491640214, 0.09755783212724269]]], "cpd11493_c0": [[[0.0, 0.0], [0.0, 0.0], [0.0, 1.3484093837923277e-08]]], "cpd11463_c0": [[[0.03941854585331442, 0.037066411203604654], [0.03941854585331442, 0.05052960872502073], [0.03941854585331442, 0.010881492593428648]]], "cpd00002_c0": [[[0.4329036909655058, 0.44396109093456354], [0.4329036909655058, 0.3045846604076702], [0.4329036909655058, 0.13395886109431204]]], "cpd00084_c0": [[[1.2596722669735507, 0.4254627121456154], [1.2596722669735507, 0.10523858248013505], [1.2596722669735507, 0.012465468051112967]]], "cpd15665_c0": [[[0.0, 0.0], [0.0, 0.0], [0.0, 7.393717216615229e-10]]], "cpd00053_c0": [[[0.719812723984893, 0.7293646493924879], [0.719812723984893, 0.3781392647589934], [0.719812723984893, 0.18573124032661426]]], "cpd00356_c0": [[[0.37323622725141853, 0.3781890774627684], [0.37323622725141853, 0.2673177266169296], [0.37323622725141853, 0.12193559192499848]]], "cpd00028_c0": [[[0.05360307519036581, 0.04641411405224927], [0.05360307519036581, 0.024204363349856168], [0.05360307519036581, 0.0035464898826701066]]], "cpd00033_c0": [[[1.1063094324673743, 0.7854696224226703], [1.1063094324673743, 0.2129286430954014], [1.1063094324673743, 0.025233827254146697]]], "cpd00041_c0": [[[1.0077378135788595, 1.0211105091494503], [1.0077378135788595, 0.35460757572198714], [1.0077378135788595, 0.09346428672740281]]], "cpd15352_c0": [[[0.05667382379052134, 0.05703261578962207], [0.05667382379052134, 0.030794349211364477], [0.05667382379052134, 0.02927531869602748]]], "cpd15500_c0": [[[0.055113993777938165, 0.05245430697685488], [0.055113993777938165, 0.027109813131515944], [0.055113993777938165, 0.02439759706766188]]], "cpd00087_c0": [[[0.1386795156301174, 0.1579036869818799], [0.1386795156301174, 0.14706945852016357], [0.1386795156301174, 0.1873845720744767]]], "cpd00035_c0": [[[1.3810173153552359, 1.3897602928045794], [1.3810173153552359, 0.489508762476688], [1.3810173153552359, 0.22709004836414706]]], "cpd11461_c0": [[[0.3546490556967267, 0.3593552538688548], [0.3546490556967267, 0.1976320606239906], [0.3546490556967267, 0.14345329830248355]]], "cpd11416_c0": [[[0.29137247484373247, 0.28565486944071905], [0.29137247484373247, 0.2856548694407177], [0.29137247484373247, 0.26399276345789674]]], "cpd00039_c0": [[[0.4798751493232549, 0.486243099594979], [0.4798751493232549, 0.16909660921799835], [0.4798751493232549, 0.0479941489465852]]], "cpd00357_c0": [[[0.4580626425358419, 0.4641411405224806], [0.4580626425358419, 0.3526268118147813], [0.4580626425358419, 0.1355370495900858]]], "cpd00166_c0": [[[0.0, 0.0], [0.0, 0.0], [0.0, 7.631367946860973e-09]]], "cpd00107_c0": [[[0.5486233170589302, 0.552096554675793], [0.5486233170589302, 0.253086739249899], [0.5486233170589302, 0.1942308689159199]]], "cpd00322_c0": [[[0.5201234044844382, 0.48624309959498224], [0.5201234044844382, 0.13460389802249653], [0.5201234044844382, 0.03227116882811428]]], "cpd00161_c0": [[[0.7751829335222019, 0.6006532406761513], [0.7751829335222019, 0.2312162268552809], [0.7751829335222019, 0.03102821031302767]]], "cpd02229_c0": [[[0.04993703509389233, 0.050253177669990975], [0.04993703509389233, 0.024952744905960257], [0.04993703509389233, 0.02141613556523031]]], "cpd00115_c0": [[[0.43814687546906583, 0.44396109093455033], [0.43814687546906583, 0.34932988071678267], [0.43814687546906583, 0.1464394237053321]]], "cpd15793_c0": [[[0.03091220287051666, 0.03132240825611847], [0.03091220287051666, 0.011615804806930481], [0.03091220287051666, 0.010773949433407684]]], "cpd00065_c0": [[[0.20154756271576396, 0.154713713507496], [0.20154756271576396, 0.07337781952378877], [0.20154756271576396, 0.013230931608164026]]], "cpd00241_c0": [[[0.3687698108224611, 0.3781890774627628], [0.3687698108224611, 0.269449809997137], [0.3687698108224611, 0.13281690354939438]]], "cpd00066_c0": [[[0.2825433122183677, 0.28629266611667925], [0.2825433122183677, 0.1679984649132664], [0.2825433122183677, 0.15216778787688573]]], "cpd00060_c0": [[[0.5427088466514011, 0.3646823246962431], [0.5427088466514011, 0.10861616459381294], [0.5427088466514011, 0.015366750354435629]]],