{"biomass_reaction": [[[0.8041808271490738, 0.7809629344071276], [0.8041808271490738, 0.7493994427676086], [0.8041808271490738, 0.6287923306871912]]], "cpd15560_c0": [[[0.0, 0.0], [0.0, 0.0], [0.0, 4.3059320762870786e-08]]], "cpd00129_c0": [[[2.2307542278124632, 2.2487874512030133], [2.2307542278124632, 0.9956874365708196], [2.2307542278124632, 0.4292743515482366]]], "cpd00054_c0": [[[3.301185239589592, 1.2127876241138602], [3.301185239589592, 0.31044338093280094], [3.301185239589592, 0.025684416435091832]]], "cpd00006_c0": [[[0.2044311960295976, 0.1749212919394898], [0.2044311960295976, 0.1405321863406439], [0.2044311960295976, 0.023624628565741188]]], "cpd00052_c0": [[[0.48441305146148483, 0.4943427815680977], [0.48441305146148483, 0.5575860800934205], [0.48441305146148483, 0.42663307552894936]]], "cpd01997_c0": [[[0.0, 0.0], [0.0, 0.0], [0.0, 2.368951136422845e-08]]], "cpd00010_c0": [[[0.243301482627043, 0.17243425935268125], [0.243301482627043, 0.09379857090705469], [0.243301482627043, 0.009779584367408167]]], "cpd00016_c0": [[[0.8653592375622359, 0.8830977845489791], [0.8653592375622359, 0.7042784015961066], [0.8653592375622359, 0.5598050243776782]]], "cpd15540_c0": [[[0.17790818656469262, 0.18155503354997884], [0.17790818656469262, 0.06759034089921136], [0.17790818656469262, 0.062166221765278924]]], "cpd15666_c0": [[[0.0, 0.0], [0.0, 0.0], [0.0, 3.4138077887304466e-10]]], "cpd00557_c0": [[[0.15637193240158972, 0.12325077480830197], [0.15637193240158972, 0.054744031185079776], [0.15637193240158972, 0.005994566319603201]]], "cpd00345_c0": [[[0.24110108162139374, 0.1981679124368955], [0.24110108162139374, 0.14604124442400912], [0.24110108162139374, 0.02838372309702454]]], "cpd00118_c0": [[[1.856916697268943, 1.894980662677914], [1.856916697268943, 0.6893081686992008], [1.856916697268943, 0.4098926442060241]]], "cpd15533_c0": [[[0.18227403163376335, 0.16938374638461845], [0.18227403163376335, 0.061338241769467124], [0.18227403163376335, 0.03596481762768432]]], "cpd00156_c0": [[[2.2307542278124584, 2.24878745120312], [2.2307542278124584, 0.8097358473232653], [2.2307542278124584, 0.4174961036713931]]], "cpd00264_c0": [[[1.0610952555822866, 0.9474903313388937], [1.0610952555822866, 0.3286478931149272], [1.0610952555822866, 0.1084090768863366]]], "cpd03736_c0": [[[0.08015467757995214, 0.08179772644653058], [0.08015467757995214, 0.038065548967130367], [0.08015467757995214, 0.03533674429630055]]], "cpd00056_c0": [[[0.0, 0.0], [0.0, 0.0], [0.0, 5.458126387488485e-09]]], "cpd00008_c0": [[[0.4299821133063754, 0.3147372726939144], [0.4299821133063754, 0.20127751766639315], [0.4299821133063754, 0.02243274737618974]]], "cpd00069_c0": [[[0.8330093595223435, 0.8500847832573474], [0.8330093595223435, 0.5974871072058273], [0.8330093595223435, 0.5351987937883483]]], "cpd00038_c0": [[[0.3920425150734503, 0.29341636067268984], [0.3920425150734503, 0.21514436461505257], [0.3920425150734503, 0.02500514541250226]]], "cpd11462_c0": [[[0.25842705679934846, 0.2052757361227252], [0.25842705679934846, 0.14925959391703505], [0.25842705679934846, 0.02055055986741984]]], "cpd00132_c0": [[[2.1221905111644794, 2.1656921859175715], [2.1221905111644794, 1.0215861195923852], [2.1221905111644794, 0.46573904915944647]]], "cpd00017_c0": [[[0.3386791963247501, 0.24484272357615416], [0.3386791963247501, 0.12315419613689349], [0.3386791963247501, 0.013068575903798061]]], "cpd00201_c0": [[[0.24110108162138522, 0.19816791243691378], [0.24110108162138522, 0.15590227417989916], [0.24110108162138522, 0.03128535090987361]]], "cpd00023_c0": [[[2.122190511164484, 2.1656921859176044], [2.122190511164484, 1.3115908672126622], [2.122190511164484, 0.6495611951713205]]], "cpd00051_c0": [[[0.9584086179450937, 0.9780545355757309], [0.9584086179450937, 0.49925509354232467], [0.9584086179450937, 0.3721692034490632]]], "cpd11493_c0": [[[0.0, 0.0], [0.0, 0.0], [0.0, -5.5211030533765495e-08]]], "cpd11463_c0": [[[0.11224698517844134, 0.10656406282050102], [0.11224698517844134, 0.1715311436536398], [0.11224698517844134, 0.03727688574786782]]], "cpd00002_c0": [[[0.3920425150734665, 0.29341636067273746], [0.3920425150734665, 0.20279945603017513], [0.3920425150734665, 0.02306991640120719]]], "cpd00084_c0": [[[2.049011528020715, 0.9940882164868227], [2.049011528020715, 0.22865374496778063], [2.049011528020715, 0.02487758852213361]]], "cpd15665_c0": [[[0.0, 0.0], [0.0, 0.0], [0.0, 4.820479384617124e-10]]], "cpd00053_c0": [[[2.122190511164598, 2.1656921859178637], [2.122190511164598, 1.2986006826092096], [2.122190511164598, 0.911932307736328]]], "cpd00356_c0": [[[0.484413051461481, 0.494342781568067], [0.484413051461481, 0.49009902070222106], [0.484413051461481, 0.4031180039709302]]], "cpd00028_c0": [[[0.15803546359735204, 0.1378167754674921], [0.15803546359735204, 0.07782573906460707], [0.15803546359735204, 0.008339861339272102]]], "cpd00033_c0": [[[3.3011852395891603, 2.332283892526714], [3.3011852395891603, 0.6465154307011791], [3.3011852395891603, 0.057219110078597965]]], "cpd00041_c0": [[[2.971066715630297, 3.0319690602843177], [2.971066715630297, 1.1559147680879789], [2.971066715630297, 0.31259730364542687]]], "cpd15352_c0": [[[0.17009923944450153, 0.1735860149018021], [0.17009923944450153, 0.09396025287374456], [0.17009923944450153, 0.0953590418038335]]], "cpd15500_c0": [[[0.16264963771699442, 0.15575183528858708], [0.16264963771699442, 0.08207315906837209], [0.16264963771699442, 0.07696342801882552]]], "cpd00087_c0": [[[0.24554270377110188, 0.21503326668687528], [0.24554270377110188, 0.1782030554950457], [0.24554270377110188, 0.05488637010790793]]], "cpd00035_c0": [[[4.384585896044374, 4.42003050753704], [4.384585896044374, 1.6585361898727902], [4.384585896044374, 0.9849971287544388]]], "cpd11461_c0": [[[0.25472867164166574, 0.200752225689214], [0.25472867164166574, 0.13142443364522782], [0.25472867164166574, 0.01850853393316465]]], "cpd11416_c0": [[[0.8041808271490726, 0.7809629344071383], [0.8041808271490726, 0.7809629344071322], [0.8041808271490726, 0.6746622423576816]]], "cpd00039_c0": [[[1.4147936741097238, 1.4437947906117872], [1.4147936741097238, 0.5240807121781481], [1.4147936741097238, 0.14728271525983777]]], "cpd00357_c0": [[[0.515503417610349, 0.4437027893099168], [0.515503417610349, 0.27609345660245166], [0.515503417610349, 0.04619770748992482]]], "cpd00166_c0": [[[0.0, 0.0], [0.0, 0.0], [0.0, 2.8519760472080177e-08]]], "cpd00107_c0": [[[1.7418217943192664, 1.7559025303913234], [1.7418217943192664, 0.7702806076791053], [1.7418217943192664, 0.6290436985044731]]], "cpd00322_c0": [[[1.651337545263784, 1.4437947906117086], [1.651337545263784, 0.4006486302355511], [1.651337545263784, 0.0791697572588609]]], "cpd00161_c0": [[[2.285435935100269, 1.7835112119321443], [2.285435935100269, 0.7360178462184233], [2.285435935100269, 0.07104712563015052]]], "cpd02229_c0": [[[0.15854487654028687, 0.1598265395493434], [0.15854487654028687, 0.07660102072329063], [0.15854487654028687, 0.07069293498243928]]], "cpd00115_c0": [[[0.3920425150734488, 0.29341636067270116], [0.3920425150734488, 0.1925095457665893], [0.3920425150734488, 0.02288335938608416]]], "cpd15793_c0": [[[0.09113701581686612, 0.09300518589829376], [0.09113701581686612, 0.034491902364889374], [0.09113701581686612, 0.03219487894310044]]], "cpd00065_c0": [[[0.5942133431259402, 0.45938925155823973], [0.5942133431259402, 0.2359255206610304], [0.5942133431259402, 0.028297637789137835]]], "cpd00241_c0": [[[0.3920425150734217, 0.2934163606727196], [0.3920425150734217, 0.20518453407790244], [0.3920425150734217, 0.02472980712203728]]], "cpd00066_c0": [[[0.8330093595224923, 0.8500847832573822], [0.8330093595224923, 0.5424255538834889], [0.8330093595224923, 0.4797493947477931]]], "cpd00060_c0": [[[1.1736618690248877, 0.8788316116767205], [1.1736618690248877, 0.21502629882341906], [1.1736618690248877, 0.030365658173743537]]],