{"biomass_reaction": [[[0.3935095689152154, 0.3821892410441206], [0.3935095689152154, 0.3666872860498109], [0.3935095689152154, 0.3077082495712929]]], "cpd15560_c0": [[[0.0, 0.0], [0.0, 0.0], [0.0, 3.295388992362779e-07]]], "cpd00129_c0": [[[1.1183316976021775, 1.1282904143742654], [1.1183316976021775, 0.48715020564709166], [1.1183316976021775, 0.19514961491295463]]], "cpd00054_c0": [[[1.615368007647635, 0.5935164925075737], [1.615368007647635, 0.15181581881624054], [1.615368007647635, 0.012486577276282539]]], "cpd00006_c0": [[[0.10003425735431559, 0.08560334026551802], [0.10003425735431559, 0.06877067824694712], [0.10003425735431559, 0.011500215644724667]]], "cpd00052_c0": [[[0.23703769677436504, 0.2419224833590929], [0.23703769677436504, 0.27285646058984336], [0.23703769677436504, 0.20536975718280837]]], "cpd01997_c0": [[[0.0, 0.0], [0.0, 0.0], [0.0, 6.271497461693453e-07]]], "cpd00010_c0": [[[0.11905464332496685, 0.08438623116220212], [0.11905464332496685, 0.04586660029877748], [0.11905464332496685, 0.0047746273209555564]]], "cpd00016_c0": [[[0.4234459825871822, 0.4321722032822158], [0.4234459825871822, 0.34463929729152676], [0.4234459825871822, 0.2671611153301795]]], "cpd15540_c0": [[[0.08705576089118797, 0.08884977432748105], [0.08705576089118797, 0.033048088389575896], [0.08705576089118797, 0.030343475441453452]]], "cpd15666_c0": [[[0.0, 0.0], [0.0, 0.0], [0.0, 9.674224636593306e-11]]], "cpd00557_c0": [[[0.07651743194120408, 0.060316716718245934], [0.07651743194120408, 0.026769633210459283], [0.07651743194120408, 0.0029367118406569085]]], "cpd00345_c0": [[[0.11797792174223895, 0.09697981903717898], [0.11797792174223895, 0.07141835260199766], [0.11797792174223895, 0.013882343066160999]]], "cpd00118_c0": [[[0.9086445043017807, 0.9273695195430863], [0.9086445043017807, 0.3371317199502545], [0.9086445043017807, 0.21165165949303566]]], "cpd15533_c0": [[[0.08919209858176613, 0.08289336487535597], [0.08919209858176613, 0.029989005629998462], [0.08919209858176613, 0.017729542151459343]]], "cpd00156_c0": [[[1.1199178463715938, 1.1282904143742198], [1.1199178463715938, 0.39598486663676097], [1.1199178463715938, 0.23383155343968726]]], "cpd00264_c0": [[[0.5192254310295596, 0.4636847597715181], [0.5192254310295596, 0.16074481508857605], [0.5192254310295596, 0.058478939962233564]]], "cpd03736_c0": [[[0.03922206493388882, 0.04003033897308331], [0.03922206493388882, 0.01861145831842522], [0.03922206493388882, 0.0183021691699159]]], "cpd00056_c0": [[[0.0, 0.0], [0.0, 0.0], [0.0, -2.0359163894599233e-07]]], "cpd00008_c0": [[[0.21040302172868788, 0.15402677141198912], [0.21040302172868788, 0.09847521353766987], [0.21040302172868788, 0.011125333605716237]]], "cpd00069_c0": [[[0.40761622622879756, 0.41601623306599145], [0.40761622622879756, 0.2923856425797887], [0.40761622622879756, 0.26568210062183945]]], "cpd00038_c0": [[[0.19183804922321873, 0.14359269980021058], [0.19183804922321873, 0.10527729872738674], [0.19183804922321873, 0.012309816667343362]]], "cpd11462_c0": [[[0.12645603611026585, 0.10045826035656437], [0.12645603611026585, 0.07304151295031983], [0.12645603611026585, 0.010237029839396176]]], "cpd00132_c0": [[[1.0384508620591628, 1.059850879477768], [1.0384508620591628, 0.49959428651122406], [1.0384508620591628, 0.2579367138601496]]], "cpd00017_c0": [[[0.16572579206941895, 0.11982163374984911], [0.16572579206941895, 0.0602258763336768], [0.16572579206941895, 0.006458173130334542]]], "cpd00201_c0": [[[0.11797792174450827, 0.0969798190371911], [0.11797792174450827, 0.07626151548849378], [0.11797792174450827, 0.016812510090133136]]], "cpd00023_c0": [[[1.0384508620590798, 1.0598508794778518], [1.0384508620590798, 0.6416966815079567], [1.0384508620590798, 0.32168630531844195]]], "cpd00051_c0": [[[0.46897780867185895, 0.4786423326674079], [0.46897780867185895, 0.24428068367194497], [0.46897780867185895, 0.18930045703257067]]], "cpd11493_c0": [[[0.0, 0.0], [0.0, 0.0], [0.0, 1.55091077591115e-07]]], "cpd11463_c0": [[[0.0549257844236308, 0.05215053941434397], [0.0549257844236308, 0.08394053975292115], [0.0549257844236308, 0.0210768844091821]]], "cpd00002_c0": [[[0.1918380492232048, 0.1435926998002227], [0.1918380492232048, 0.09923679191600342], [0.1918380492232048, 0.01141161271071858]]], "cpd00084_c0": [[[1.0026422116433054, 0.4864889282849035], [1.0026422116433054, 0.11182850484921765], [1.0026422116433054, 0.012277722104682412]]], "cpd15665_c0": [[[0.0, 0.0], [0.0, 0.0], [0.0, -7.822833871553578e-09]]], "cpd00053_c0": [[[1.038450862059096, 1.0598508794777177], [1.038450862059096, 0.6353462803465779], [1.038450862059096, 0.45793243586584537]]], "cpd00356_c0": [[[0.23703769677437994, 0.24192248335904598], [0.23703769677437994, 0.23983149319576877], [0.23703769677437994, 0.20161627788983638]]], "cpd00028_c0": [[[0.07733144717461667, 0.06744505596677036], [0.07733144717461667, 0.038058735529040176], [0.07733144717461667, 0.004055015485099804]]], "cpd00033_c0": [[[1.6153680076472967, 1.141377870206855], [1.6153680076472967, 0.3162272228571774], [1.6153680076472967, 0.02831841845838806]]], "cpd00041_c0": [[[1.4538312068827923, 1.4837912312689934], [1.4538312068827923, 0.5653550579365051], [1.4538312068827923, 0.17034727986120912]]], "cpd15352_c0": [[[0.08323461108107197, 0.08494987965279577], [0.08323461108107197, 0.04593151294809463], [0.08323461108107197, 0.04598133019062719]]], "cpd15500_c0": [[[0.07958929964686248, 0.07622215229120721], [0.07958929964686248, 0.04012341882055992], [0.07958929964686248, 0.038877885884899384]]], "cpd00087_c0": [[[0.12015133941181669, 0.10523342065736863], [0.12015133941181669, 0.08716875005109538], [0.12015133941181669, 0.030943333070577988]]], "cpd00035_c0": [[[2.201217835971692, 2.217674262735678], [2.201217835971692, 0.811615226557391], [2.201217835971692, 0.4325239102862292]]], "cpd11461_c0": [[[0.12464630638288544, 0.09824453555189212], [0.12464630638288544, 0.06430201187262773], [0.12464630638288544, 0.00900681405020428]]], "cpd11416_c0": [[[0.393509568915215, 0.3821892410441206], [0.393509568915215, 0.3821892410441201], [0.393509568915215, 0.33033297106982773]]], "cpd00039_c0": [[[0.6923005747060935, 0.7065672529851835], [0.6923005747060935, 0.25630669395267475], [0.6923005747060935, 0.06473385397655046]]], "cpd00357_c0": [[[0.2522511365476399, 0.21714018018570422], [0.2522511365476399, 0.13500871828125904], [0.2522511365476399, 0.02346328896612389]]], "cpd00166_c0": [[[0.0, 0.0], [0.0, 0.0], [0.0, 4.160049433621495e-10]]], "cpd00107_c0": [[[0.8744564005915318, 0.8809938851963891], [0.8744564005915318, 0.3767123324579729], [0.8744564005915318, 0.3059613647067003]]], "cpd00322_c0": [[[0.8290300940672496, 0.7065672529851282], [0.8290300940672496, 0.19594978277361363], [0.8290300940672496, 0.03876111817436781]]], "cpd00161_c0": [[[1.1183316976021558, 0.8728183713346912], [1.1183316976021558, 0.35995385794281837], [1.1183316976021558, 0.03439754463960537]]], "cpd02229_c0": [[[0.07816296811197476, 0.0797737221112355], [0.07816296811197476, 0.037458155253164406], [0.07816296811197476, 0.03422043563598942]]], "cpd00115_c0": [[[0.19183804922322123, 0.1435926998001995], [0.19183804922322123, 0.09420022129879822], [0.19183804922322123, 0.011253131029800648]]], "cpd15793_c0": [[[0.04459604929087595, 0.045515068443832865], [0.04459604929087595, 0.016864691376381226], [0.04459604929087595, 0.016604742144401406]]], "cpd00065_c0": [[[0.29076624137656076, 0.22481685322254627], [0.29076624137656076, 0.11537003886646532], [0.29076624137656076, 0.014038475124298039]]], "cpd00241_c0": [[[0.191838049223212, 0.14359269980021422], [0.191838049223212, 0.10037028113802758], [0.191838049223212, 0.012217674085154522]]], "cpd00066_c0": [[[0.4076162262288206, 0.4160162330660639], [0.4076162262288206, 0.265234857836921], [0.4076162262288206, 0.23572043131560977]]], "cpd00060_c0": [[[0.57430761905822, 0.4300844148605788], [0.57430761905822, 0.10517121566459736], [0.57430761905822, 0.014900834336198621]]],