{"biomass_reaction": [[[0.8385042057863319, 0.8141318390448932], [0.8385042057863319, 0.7813503300789972], [0.8385042057863319, 0.6556725799363922]]], "cpd15560_c0": [[[0.0, 0.0], [0.0, 0.0], [0.0, -1.6099912490590727e-10]]], "cpd00129_c0": [[[2.2125912979512465, 2.2332006961117035], [2.2125912979512465, 1.0377702937164566], [2.2125912979512465, 0.4192312633214694]]], "cpd00054_c0": [[[3.4420836881787777, 1.2642969023110542], [3.4420836881787777, 0.323382979331907], [3.4420836881787777, 0.02700478556291252]]], "cpd00006_c0": [[[0.213156558671601, 0.18235051475640696], [0.213156558671601, 0.1465013585873974], [0.213156558671601, 0.024942779527642404]]], "cpd00052_c0": [[[0.5050883672870821, 0.5153384112681256], [0.5050883672870821, 0.5812927655660735], [0.5050883672870821, 0.43614687053754064]]], "cpd01997_c0": [[[0.0, 0.0], [0.0, 0.0], [0.0, -4.325886344044446e-09]]], "cpd00010_c0": [[[0.25368587458133973, 0.1797578534091464], [0.25368587458133973, 0.09770341915639744], [0.25368587458133973, 0.01024669449768875]]], "cpd00016_c0": [[[0.9022937823380148, 0.9206045405176974], [0.9022937823380148, 0.7342325240170251], [0.9022937823380148, 0.576051044003612]]], "cpd15540_c0": [[[0.18550151612939123, 0.18926600333997567], [0.18550151612939123, 0.07040135773227536], [0.18550151612939123, 0.06464663764861621]]], "cpd15666_c0": [[[0.0, 0.0], [0.0, 0.0], [0.0, -5.543810472454317e-13]]], "cpd00557_c0": [[[0.16304606944003197, 0.12848545755193028], [0.16304606944003197, 0.057022182004816555], [0.16304606944003197, 0.00615559772677945]]], "cpd00345_c0": [[[0.25139155788618167, 0.20658446116194495], [0.25139155788618167, 0.15213854560302736], [0.25139155788618167, 0.02975146035140317]]], "cpd00118_c0": [[[1.9361720746004158, 1.975463909861151], [1.9361720746004158, 0.7181767625199769], [1.9361720746004158, 0.4549567080643752]]], "cpd15533_c0": [[[0.19005370057426077, 0.17657777965238922], [0.19005370057426077, 0.06388463386175416], [0.19005370057426077, 0.03465449445905496]]], "cpd00156_c0": [[[2.212591297951424, 2.2332006961117123], [2.212591297951424, 0.843552721582279], [2.212591297951424, 0.43369506948049547]]], "cpd00264_c0": [[[1.1063840426287868, 0.9877319549304728], [1.1063840426287868, 0.34242753210061794], [1.1063840426287868, 0.10327921202401144]]], "cpd03736_c0": [[[0.08357577300433647, 0.08527182344723891], [0.08357577300433647, 0.03964754035731427], [0.08357577300433647, 0.03712565763435234]]], "cpd00056_c0": [[[0.0, 0.0], [0.0, 0.0], [0.0, -7.804338881138534e-10]]], "cpd00008_c0": [[[0.4483342530043757, 0.32810473243365057], [0.4483342530043757, 0.20977858565275748], [0.4483342530043757, 0.02370620810928351]]], "cpd00069_c0": [[[0.8685631736524704, 0.8861894175077276], [0.8685631736524704, 0.62286565962858], [0.8685631736524704, 0.5452452179993036]]], "cpd00038_c0": [[[0.4087753483275007, 0.30587828281721813], [0.4087753483275007, 0.22427072417558463], [0.4087753483275007, 0.026200340560530066]]], "cpd11462_c0": [[[0.2694570259570076, 0.21399416694177525], [0.2694570259570076, 0.15559946700067015], [0.2694570259570076, 0.02164246627643664]]], "cpd00132_c0": [[[2.2127680852577245, 2.257673039841062], [2.2127680852577245, 1.0642398681209648], [2.2127680852577245, 0.49513268613402833]]], "cpd00017_c0": [[[0.35313442069670187, 0.25524163572900893], [0.35313442069670187, 0.12829440621290028], [0.35313442069670187, 0.013666033853493081]]], "cpd00201_c0": [[[0.2513915578861632, 0.20658446116194584], [0.2513915578861632, 0.16246024355595423], [0.2513915578861632, 0.03254232278856686]]], "cpd00023_c0": [[[2.2127680852577725, 2.257673039841056], [2.2127680852577725, 1.3669988145868588], [2.2127680852577725, 0.6816446856612447]]], "cpd00051_c0": [[[0.9993146191485546, 1.0195942760572712], [0.9993146191485546, 0.5203882373543368], [0.9993146191485546, 0.389838667814472]]], "cpd11493_c0": [[[0.0, 0.0], [0.0, 0.0], [0.0, 5.442607485165202e-08]]], "cpd11463_c0": [[[0.11703781784084522, 0.11109003080410068], [0.11703781784084522, 0.17881528345357034], [0.11703781784084522, 0.038249163289714755]]], "cpd00002_c0": [[[0.4087753483274793, 0.30587828281720775], [0.4087753483274793, 0.2114027272387132], [0.4087753483274793, 0.02421603208678513]]], "cpd00084_c0": [[[2.1364657374902705, 1.0363089363205118], [2.1364657374902705, 0.23821385031293274], [2.1364657374902705, 0.0259854682706947]]], "cpd15665_c0": [[[0.0, 0.0], [0.0, 0.0], [0.0, 2.0365659229831265e-11]]], "cpd00053_c0": [[[2.2127680852575704, 2.257673039841252], [2.2127680852575704, 1.3534706304618602], [2.2127680852575704, 0.9504694753928246]]], "cpd00356_c0": [[[0.5050883672870634, 0.5153384112680488], [0.5050883672870634, 0.5109361553784234], [0.5050883672870634, 0.4066302024774705]]], "cpd00028_c0": [[[0.16478060209364787, 0.14367010253534007], [0.16478060209364787, 0.08107260244696117], [0.16478060209364787, 0.00869980587437586]]], "cpd00033_c0": [[[3.4420836881783985, 2.4313401967520605], [3.4420836881783985, 0.6736221453507731], [3.4420836881783985, 0.06012037195701929]]], "cpd00041_c0": [[[3.097875319360625, 3.160742255777426], [3.097875319360625, 1.2043508253779973], [3.097875319360625, 0.2866996284693698]]], "cpd15352_c0": [[[0.17735927400920903, 0.18013081086561178], [0.17735927400920903, 0.09784799612002466], [0.17735927400920903, 0.09856494583998636]]], "cpd15500_c0": [[[0.16959171456355726, 0.16236689670089977], [0.16959171456355726, 0.08467193353219392], [0.16959171456355726, 0.07716363906153015]]], "cpd00087_c0": [[[0.2560227536661846, 0.22416611743103565], [0.2560227536661846, 0.18569306142051667], [0.2560227536661846, 0.06967044128089543]]], "cpd00035_c0": [[[4.348886344249233, 4.38939447166733], [4.348886344249233, 1.7290132002516736], [4.348886344249233, 0.9542932897297703]]], "cpd11461_c0": [[[0.2656007893935481, 0.20927853486004275], [0.2656007893935481, 0.13698124165593056], [0.2656007893935481, 0.019369187528280492]]], "cpd11416_c0": [[[0.8385042057863386, 0.8141318390448957], [0.8385042057863386, 0.814131839044895], [0.8385042057863386, 0.7034418674652728]]], "cpd00039_c0": [[[1.4751787235051337, 1.5051153598942077], [1.4751787235051337, 0.5459987915177024], [1.4751787235051337, 0.14659183082812396]]], "cpd00357_c0": [[[0.5375057066405896, 0.462547647186916], [0.5375057066405896, 0.2876000666465098], [0.5375057066405896, 0.04875462053662479]]], "cpd00166_c0": [[[0.0, 0.0], [0.0, 0.0], [0.0, 9.807700417719249e-09]]], "cpd00107_c0": [[[1.7276397805920611, 1.7437320503885012], [1.7276397805920611, 0.8025105186069832], [1.7276397805920611, 0.6538171548898648]]], "cpd00322_c0": [[[1.6378922595224408, 1.5051153598940727], [1.6378922595224408, 0.4174214302517096], [1.6378922595224408, 0.08202988497794067]]], "cpd00161_c0": [[[2.3829810148927137, 1.8592601504574437], [2.3829810148927137, 0.7667684354590818], [2.3829810148927137, 0.07310902331443467]]], "cpd02229_c0": [[[0.15725399499155332, 0.15871875271617042], [0.15725399499155332, 0.07980075408601983], [0.15725399499155332, 0.07299985972914658]]], "cpd00115_c0": [[[0.40877534832754314, 0.30587828281719], [0.40877534832754314, 0.2006733068858859], [0.40877534832754314, 0.023953859005895035]]], "cpd15793_c0": [[[0.09502685028713849, 0.09695528391956179], [0.09502685028713849, 0.03592635988644867], [0.09502685028713849, 0.033495893392916955]]], "cpd00065_c0": [[[0.6195750638721673, 0.47890034178445945], [0.6195750638721673, 0.24575918845127995], [0.6195750638721673, 0.030014516981090554]]], "cpd00241_c0": [[[0.40877534832750495, 0.3058782828172291], [0.40877534832750495, 0.21381431478711477], [0.40877534832750495, 0.02592334492639502]]], "cpd00066_c0": [[[0.8685631736525347, 0.8861894175077099], [0.8685631736525347, 0.5650180633756645], [0.8685631736525347, 0.4937185500969011]]], "cpd00060_c0": [[[1.2237551308420824, 0.9161571755876431], [1.2237551308420824, 0.2240364380343639], [1.2237551308420824, 0.03146196567366339]]],