{"biomass_reaction": [[[0.3969773878857952, 0.38823629709715546], [0.3969773878857952, 0.3595211698633955], [0.3969773878857952, 0.2848467330851454]]], "10fthf_c": [[[0.13111254735748945, 0.11892433796488189], [0.13111254735748945, 0.0899399045462182], [0.13111254735748945, 0.03343506197744083]]], "2fe2s_c": [[[0.3349429781233348, 0.23784867592975018], [0.3349429781233348, 0.04321407073070357], [0.3349429781233348, 0.0045566909383794735]]], "2ohph_c": [[[0.0669885956246701, 0.06835651022519301], [0.0669885956246701, 0.024618882438139575], [0.0669885956246701, 0.008837867449777242]]], "4fe4s_c": [[[0.1640255736488846, 0.1172107307895913], [0.1640255736488846, 0.020727758860931447], [0.1640255736488846, 0.0022278425727122173]]], "ala__L_c": [[[2.1757531147669646, 2.192131742465593], [2.1757531147669646, 0.6725638016763339], [2.1757531147669646, 0.32445512606466076]]], "amet_c": [[[0.14134118580384442, 0.11962389289407985], [0.14134118580384442, 0.057196505061439314], [0.14134118580384442, 0.004744291847657324]]], "arg__L_c": [[[0.504534359451608, 0.514837007392225], [0.504534359451608, 0.21402543284250702], [0.504534359451608, 0.16738626769224743]]], "asn__L_c": [[[0.9964553599168551, 1.0168030895998088], [0.9964553599168551, 0.42986386823984735], [0.9964553599168551, 0.2035892689211905]]], "asp__L_c": [[[1.6402295512856624, 1.6602929801726485], [1.6402295512856624, 0.4560228542392411], [1.6402295512856624, 0.07985076758066575]]], "atp_c": [[[0.2317338046318335, 0.20234887355218723], [0.2317338046318335, 0.12287814377522932], [0.2317338046318335, 0.03262612437739211]]], "btn_c": [[[0.0747808900500453, 0.06560019932901842], [0.0747808900500453, 0.025727734050591946], [0.0747808900500453, 0.0025328379610319693]]], "ca2_c": [[[999.9981403594264, 999.9981813070663], [999.9981403594264, 1.0209162559536875], [999.9981403594264, 0.22494747849835214]]], "cl_c": [[[999.9981403594265, 999.9981813070663], [999.9981403594265, 2.0416038097817886], [999.9981403594265, 0.3292302956046508]]], "coa_c": [[[0.11519715143548268, 0.1006735732276923], [0.11519715143548268, 0.05907962156448847], [0.11519715143548268, 0.005480428562439937]]], "cobalt2_c": [[[999.9999910680087, 999.9999912646833], [999.9999910680087, 1.600598501473471], [999.9999910680087, 0.2631277623182472]]], "ctp_c": [[[0.3138442078478405, 0.32025294160624085], [0.3138442078478405, 0.21849123170613463], [0.3138442078478405, 0.20950693848420976]]], "cu2_c": [[[999.9997466887288, 999.9997522664188], [999.9997466887288, 1.600649766550921], [999.9997466887288, 0.2604010022804942]]], "cys__L_c": [[[0.5613833013616205, 0.4193002431339103], [0.5613833013616205, 0.10652315972268303], [0.5613833013616205, 0.009618747329459353]]], "datp_c": [[[0.23039430287096638, 0.20134714645537685], [0.23039430287096638, 0.11683506078361135], [0.23039430287096638, 0.0294320467304241]]], "dctp_c": [[[0.31139229997401413, 0.3177509654999193], [0.31139229997401413, 0.19763944420190613], [0.31139229997401413, 0.19472465110130754]]], "dgtp_c": [[[0.223922552790326, 0.19648368881153822], [0.223922552790326, 0.12145474432377369], [0.223922552790326, 0.03858003165501861]]], "dttp_c": [[[0.288827640555638, 0.28845477719139495], [0.288827640555638, 0.1380231138283431], [0.288827640555638, 0.030035757315258756]]], "fad_c": [[[0.09141792292815508, 0.0838600486267833], [0.09141792292815508, 0.06310431477304797], [0.09141792292815508, 0.02162448590630907]]], "fe2_c": [[[1000.0, 1000.0], [1000.0, 1.6012147789459081], [1000.0, 0.2661832865587019]]], "fe3_c": [[[4.982276799584571, 5.084015447999706], [4.982276799584571, 1.5516811445590328], [4.982276799584571, 0.49256771931759874]]], "gln__L_c": [[[1.0772490377479813, 1.099246583351038], [1.0772490377479813, 0.49876114569655183], [1.0772490377479813, 0.3774905751197643]]], "glu__L_c": [[[1.3710225106750975, 1.3813432897728455], [1.3710225106750975, 0.49757432417789244], [1.3710225106750975, 0.15043588276935943]]], "gly_c": [[[1.966071570695053, 1.149846918307344], [1.966071570695053, 0.2841687553734016], [1.966071570695053, 0.01871816093437227]]], "gtp_c": [[[0.22518765195862558, 0.19743749312613623], [0.22518765195862558, 0.1277853231109814], [0.22518765195862558, 0.04564702485895743]]], "h2o_c": [[[1000.0, 1000.0], [1000.0, 1.6005966504388585], [1000.0, 0.15078163440442632]]], "his__L_c": [[[0.39463578610571975, 0.3910781113845264], [0.39463578610571975, 0.2137511415977574], [0.39463578610571975, 0.1127359453757195]]], "ile__L_c": [[[0.6755629558758592, 0.6893580268472481], [0.6755629558758592, 0.1864056206947047], [0.6755629558758592, 0.0195876824180526]]], "k_c": [[[19.92910719833818, 20.33606179199505], [19.92910719833818, 1.5296395157543339], [19.92910719833818, 0.3079578784024867]]], "kdo2lipid4_e": [[[0.05743258558599468, 0.058605365394809456], [0.05743258558599468, 0.01919345140659432], [0.05743258558599468, 0.017777912776244954]]], "leu__L_c": [[[0.8779354673621115, 0.8845443873106584], [0.8779354673621115, 0.28556640324595717], [0.8779354673621115, 0.24681685590334365]]], "lys__L_c": [[[0.7117538285120818, 0.7262879211427828], [0.7117538285120818, 0.22666774076954266], [0.7117538285120818, 0.04643224800763559]]], "met__L_c": [[[0.3496334596199804, 0.28442044464328964], [0.3496334596199804, 0.06753364939632159], [0.3496334596199804, 0.005500429791338488]]], "mg2_c": [[[999.9969005990441, 999.9969688451105], [999.9969005990441, 1.9929517458288803], [999.9969005990441, 0.342795387559532]]], "mlthf_c": [[[0.12983131725304284, 0.11789021328692484], [0.12983131725304284, 0.08660413637959657], [0.12983131725304284, 0.019845116334866304]]], "mn2_c": [[[999.9997531197624, 999.9997585558468], [999.9997531197624, 1.6006483931563835], [999.9997531197624, 0.3101051670588226]]], "mobd_c": [[[4.982276799584471, 5.084015447998219], [4.982276799584471, 1.5096486517266876], [4.982276799584471, 0.31562786048943003]]], "murein5px4p_p": [[[0.05984716876377952, 0.06106925463062619], [0.05984716876377952, 0.03453541017723742], [0.05984716876377952, 0.031240041887521695]]], "nad_c": [[[0.13603486142211216, 0.12631094280741328], [0.13603486142211216, 0.09019921613512843], [0.13603486142211216, 0.030271590606815873]]], "nadp_c": [[[0.13154526203523953, 0.12250639633732396], [0.13154526203523953, 0.08596054766536115], [0.13154526203523953, 0.036514981510664866]]], "nh4_c": [[[996.1414101585202, 996.2263728922926], [996.1414101585202, 1.9217872591256748], [996.1414101585202, 0.7635665939905762]]], "ni2_c": [[[999.9998845986734, 999.9998871397084], [999.9998845986734, 1.600620825379019], [999.9998845986734, 0.3339356249515615]]], "pe160_p": [[[0.12417449538372125, 0.1231233945707168], [0.12417449538372125, 0.03289939495288838], [0.12417449538372125, 0.012784925300855319]]], "pe161_p": [[[0.12636949909000217, 0.12526467099803426], [0.12636949909000217, 0.03488740227109772], [0.12636949909000217, 0.01539049105169287]]], "phe__L_c": [[[0.4848192320098821, 0.49074958253723944], [0.4848192320098821, 0.2443542798211309], [0.4848192320098821, 0.1588672910505839]]], "pheme_c": [[[0.09745284693563773, 0.0994428449486208], [0.09745284693563773, 0.05286411387250907], [0.09745284693563773, 0.021473503629378526]]], "pro__L_c": [[[0.972151570650643, 0.9920030142435421], [0.972151570650643, 0.3894962089415903], [0.972151570650643, 0.08717905830306133]]], "pydx5p_c": [[[0.5694030628096319, 0.5810303369141243], [0.5694030628096319, 0.32851260898656715], [0.5694030628096319, 0.36070262462618685]]], "ribflv_c": [[[0.1544892030878921, 0.14630260282011298], [0.1544892030878921, 0.12279628756713408], [0.1544892030878921, 0.05248350991087081]]], "ser__L_c": [[[1.8377441045819207, 0.8653643315742552], [1.8377441045819207, 0.17993425406710736], [1.8377441045819207, 0.010106974141136447]]], "sheme_c": [[[0.08462465901629929, 0.08526650646539087], [0.08462465901629929, 0.03771217376820341], [0.08462465901629929, 0.006829268917595317]]],