{"biomass_reaction": [[[0.3969773878857963, 0.3882362970971549], [0.3969773878857963, 0.3593171226312291], [0.3969773878857963, 0.2836477092490858]]], "10fthf_c": [[[0.1311125473574879, 0.11892433796487528], [0.1311125473574879, 0.08998563023034556], [0.1311125473574879, 0.030716614212353298]]], "2fe2s_c": [[[0.3349429781233278, 0.23784867592977316], [0.3349429781233278, 0.043227719495212924], [0.3349429781233278, 0.004585698449906599]]], "2ohph_c": [[[0.06698859562465846, 0.0683565102252], [0.06698859562465846, 0.024633906051084717], [0.06698859562465846, 0.00664201869622373]]], "4fe4s_c": [[[0.16402557364886508, 0.11721073078957828], [0.16402557364886508, 0.02073459538359851], [0.16402557364886508, 0.00221910008121368]]], "ala__L_c": [[[2.175753114766964, 2.192131742465527], [2.175753114766964, 0.6729039476440949], [2.175753114766964, 0.3384220795093823]]], "amet_c": [[[0.14134118580379398, 0.11962389289409457], [0.14134118580379398, 0.0571904917070586], [0.14134118580379398, 0.004405442116091933]]], "arg__L_c": [[[0.5045343594516422, 0.5148370073923458], [0.5045343594516422, 0.2141114849775262], [0.5045343594516422, 0.17276047271464232]]], "asn__L_c": [[[0.9964553599168806, 1.0168030895997167], [0.9964553599168806, 0.4300381895155927], [0.9964553599168806, 0.2061518917091677]]], "asp__L_c": [[[1.6439906594217908, 1.6665913928432952], [1.6439906594217908, 0.4562534832728484], [1.6439906594217908, 0.07529961166694343]]], "atp_c": [[[0.23173380463183627, 0.20234887355216885], [0.23173380463183627, 0.12294060985689903], [0.23173380463183627, 0.033043452303305555]]], "btn_c": [[[0.07478089005005334, 0.06560019932902181], [0.07478089005005334, 0.02572621324496421], [0.07478089005005334, 0.002534877960648669]]], "ca2_c": [[[999.9981403594264, 999.9981813070663], [999.9981403594264, 1.020991990875811], [999.9981403594264, 0.23067498552495727]]], "cl_c": [[[999.9981403594264, 999.9981813070663], [999.9981403594264, 2.041754023079704], [999.9981403594264, 0.29134504918669146]]], "coa_c": [[[0.11519715143548181, 0.10067357322769352], [0.11519715143548181, 0.05911728013560054], [0.11519715143548181, 0.005467995788590978]]], "cobalt2_c": [[[999.9999910680087, 999.9999912646833], [999.9999910680087, 1.6005984587430988], [999.9999910680087, 0.2611687679272072]]], "ctp_c": [[[0.313844207847822, 0.3202529416062144], [0.313844207847822, 0.2186023034614968], [0.313844207847822, 0.2106521550894303]]], "cu2_c": [[[999.9997466887288, 999.9997522664188], [999.9997466887288, 1.6006499779859975], [999.9997466887288, 0.2510119791324953]]], "cys__L_c": [[[0.5613833013616798, 0.41930024313390296], [0.5613833013616798, 0.10645185724646075], [0.5613833013616798, 0.00957311083491439]]], "datp_c": [[[0.23039430287096832, 0.20134714645540286], [0.23039430287096832, 0.11689445481595229], [0.23039430287096832, 0.030612053035047482]]], "dctp_c": [[[0.3113922999740418, 0.31775096549995047], [0.3113922999740418, 0.19773991578515782], [0.3113922999740418, 0.18937552090538198]]], "dgtp_c": [[[0.22392255279031137, 0.19648368881152484], [0.22392255279031137, 0.12151648680901399], [0.22392255279031137, 0.03954062674096399]]], "dttp_c": [[[0.28882764055562404, 0.28845477719134943], [0.28882764055562404, 0.1381089248525218], [0.28882764055562404, 0.03202089709161833]]], "fad_c": [[[0.09141792292816231, 0.08386004862678775], [0.09141792292816231, 0.06313639404530043], [0.09141792292816231, 0.02166765760973892]]], "fe2_c": [[[1000.0, 1000.0], [1000.0, 1.601217575180076], [1000.0, 0.3016951283817722]]], "fe3_c": [[[4.982276799584812, 5.084015447999187], [4.982276799584812, 1.5514175067796057], [4.982276799584812, 0.4979922069021143]]], "gln__L_c": [[[1.077249037748068, 1.0992465833510838], [1.077249037748068, 0.4990135497482636], [1.077249037748068, 0.387315947332234]]], "glu__L_c": [[[1.3710225106750509, 1.381343289772851], [1.3710225106750509, 0.497825967454909], [1.3710225106750509, 0.15196874710964173]]], "gly_c": [[[1.973832259243466, 1.1521027570579003], [1.973832259243466, 0.2843991349728032], [1.973832259243466, 0.0193328238698744]]], "gtp_c": [[[0.22518765195862073, 0.19743749312616482], [0.22518765195862073, 0.1278502837962079], [0.22518765195862073, 0.044855567573859875]]], "h2o_c": [[[1000.0, 1000.0], [1000.0, 1.6005965757305782], [1000.0, 0.1468588807119551]]], "his__L_c": [[[0.39463578610577726, 0.39107811138451776], [0.39463578610577726, 0.2138595147924685], [0.39463578610577726, 0.11086110880657694]]], "ile__L_c": [[[0.6755629558758715, 0.6893580268473556], [0.6755629558758715, 0.18628145764476425], [0.6755629558758715, 0.019540916867242023]]], "k_c": [[[19.929107198338, 20.336061791994407], [19.929107198338, 1.5290935860686659], [19.929107198338, 0.30308152499932023]]], "kdo2lipid4_e": [[[0.057432585585998445, 0.058605365394794405], [0.057432585585998445, 0.019203478128941333], [0.057432585585998445, 0.01791117734133089]]], "leu__L_c": [[[0.877935467362101, 0.8845443873106944], [0.877935467362101, 0.28567886887939675], [0.877935467362101, 0.2551298598249398]]], "lys__L_c": [[[0.7117538285121183, 0.7262879211428452], [0.7117538285121183, 0.22675996247789842], [0.7117538285121183, 0.04652153920703873]]], "met__L_c": [[[0.3496334596199655, 0.2844204446433026], [0.3496334596199655, 0.06749975995279432], [0.3496334596199655, 0.005606398972675742]]], "mg2_c": [[[999.9969005990441, 999.9969688451104], [999.9969005990441, 1.9938646316966853], [999.9969005990441, 0.36796705754244247]]], "mlthf_c": [[[0.1298313172530035, 0.11789021328692269], [0.1298313172530035, 0.08664816615034601], [0.1298313172530035, 0.020657538643227898]]], "mn2_c": [[[999.9997531197624, 999.9997585558468], [999.9997531197624, 1.6006486441543442], [999.9997531197624, 0.3038081876899304]]], "mobd_c": [[[4.982276799584944, 5.084015447998933], [4.982276799584944, 1.509000769423714], [4.982276799584944, 0.29317269264456447]]], "murein5px4p_p": [[[0.05984716876377995, 0.061069254630614606], [0.05984716876377995, 0.03455296661840352], [0.05984716876377995, 0.030886946781543568]]], "nad_c": [[[0.13603486142210966, 0.12631094280743196], [0.13603486142210966, 0.09024506962399158], [0.13603486142210966, 0.030458346764824507]]], "nadp_c": [[[0.1315452620352276, 0.12250639633731344], [0.1315452620352276, 0.08600424639347812], [0.1315452620352276, 0.034955763039702006]]], "nh4_c": [[[996.1414101585201, 996.2263728922926], [996.1414101585201, 1.9224564022976518], [996.1414101585201, 0.7633133644671303]]], "ni2_c": [[[999.9998845986734, 999.9998871397084], [999.9998845986734, 1.6006209042618584], [999.9998845986734, 0.41465024195789657]]], "pe160_p": [[[0.12417449538372252, 0.12312339457071587], [0.12417449538372252, 0.03291670992298096], [0.12417449538372252, 0.012533318468805503]]], "pe161_p": [[[0.12636949908999975, 0.12526467099803162], [0.12636949908999975, 0.03490575954278749], [0.12636949908999975, 0.015254622058903771]]], "phe__L_c": [[[0.4850512981627463, 0.49171953257314305], [0.4850512981627463, 0.2444457359585001], [0.4850512981627463, 0.15597796214369142]]], "pheme_c": [[[0.09745284693564936, 0.09944284494862184], [0.09745284693564936, 0.05288353415620178], [0.09745284693564936, 0.021373716401601867]]], "pro__L_c": [[[0.9721515706505557, 0.9920030142436254], [0.9721515706505557, 0.38964839958902936], [0.9721515706505557, 0.08767915496183495]]], "pydx5p_c": [[[0.5694030628096732, 0.5810303369141523], [0.5694030628096732, 0.3286238860288089], [0.5694030628096732, 0.36109181595524553]]], "ribflv_c": [[[0.1544892030878957, 0.14630260282010882], [0.1544892030878957, 0.12283287050111484], [0.1544892030878957, 0.056312093493028785]]], "ser__L_c": [[[1.84860752261167, 0.8653643315740842], [1.84860752261167, 0.18007949829885597], [1.84860752261167, 0.00990199987740732]]], "sheme_c": [[[0.08462465901629476, 0.08526650646539545], [0.08462465901629476, 0.03771082586745393], [0.08462465901629476, 0.0068741291806572935]]],