{"biomass_reaction": [[[0.7882011371602194, 0.7708773201863495], [0.7882011371602194, 0.7138315772308971], [0.7882011371602194, 0.5642380163573125]]], "10fthf_c": [[[0.26032479953966936, 0.23613473454375322], [0.26032479953966936, 0.17857627931351439], [0.26032479953966936, 0.05805508404739204]]], "2fe2s_c": [[[0.6650314206727209, 0.47226946908754974], [0.6650314206727209, 0.08580183313155734], [0.6650314206727209, 0.008916204200750594]]], "2ohph_c": [[[0.1330062841345402, 0.13572786422514155], [0.1330062841345402, 0.048880956360182956], [0.1330062841345402, 0.011840026038666735]]], "4fe4s_c": [[[0.32567382329236977, 0.23273221675495434], [0.32567382329236977, 0.041155107049690616], [0.32567382329236977, 0.004219933019627051]]], "ala__L_c": [[[4.362513795827381, 4.394361182305992], [4.362513795827381, 1.33537990531446], [4.362513795827381, 0.6515026031167851]]], "amet_c": [[[0.280633826454079, 0.23752376239399273], [0.280633826454079, 0.11356404988414143], [0.280633826454079, 0.008582246533786047]]], "arg__L_c": [[[1.0017561906335426, 1.0222541672654017], [1.0017561906335426, 0.42494892871235146], [1.0017561906335426, 0.33534971264065394]]], "asn__L_c": [[[1.9784684765012286, 2.0189519803492413], [1.9784684765012286, 0.8534975820673002], [1.9784684765012286, 0.40104655866500405]]], "asp__L_c": [[[3.2974474608355844, 3.3649199672485217], [3.2974474608355844, 0.9054364127192407], [3.2974474608355844, 0.15576306567064344]]], "atp_c": [[[0.4601089480235709, 0.4017814886267253], [0.4601089480235709, 0.2439753726087933], [0.4601089480235709, 0.061846208087151]]], "btn_c": [[[0.14847793444661073, 0.13025496647414084], [0.14847793444661073, 0.05108259098719835], [0.14847793444661073, 0.004948923876188147]]], "ca2_c": [[[999.996307671773, 999.9963888251935], [999.996307671773, 2.027036244275862], [999.996307671773, 0.464300067366874]]], "cl_c": [[[999.996307671773, 999.9963888251937], [999.996307671773, 4.05361839903263], [999.996307671773, 0.5487830877746555]]], "coa_c": [[[0.22872467936429236, 0.19989623567815298], [0.22872467936429236, 0.11730298612010162], [0.22872467936429236, 0.01071015770658633]]], "cobalt2_c": [[[999.9999822654744, 999.9999826552603], [999.9999822654744, 3.1779993279172283], [999.9999822654744, 0.4449998373690828]]], "ctp_c": [[[0.6231396776382113, 0.6358903875115615], [0.6231396776382113, 0.4338157938616059], [0.6231396776382113, 0.41726110170769515]]], "cu2_c": [[[999.9994970488543, 999.9995081031819], [999.9994970488543, 3.178101065475059], [999.9994970488543, 0.4944994311261677]]], "cys__L_c": [[[1.1146301276063697, 0.8325575176697144], [1.1146301276063697, 0.21150246138748072], [1.1146301276063697, 0.019016220558933265]]], "datp_c": [[[0.45744935872863046, 0.3997924713562781], [0.45744935872863046, 0.23197679109300687], [0.45744935872863046, 0.05551169519253964]]], "dctp_c": [[[0.6182713989066413, 0.6309224938591296], [0.6182713989066413, 0.39241443109408125], [0.6182713989066413, 0.37461815205610616]]], "dgtp_c": [[[0.4445996576407098, 0.39013564837664155], [0.4445996576407098, 0.24114920352059516], [0.4445996576407098, 0.07420279117562606]]], "dttp_c": [[[0.5734691236235764, 0.5727523348508917], [0.5734691236235764, 0.27396357698442386], [0.5734691236235764, 0.06334835356512884]]], "fad_c": [[[0.18151086940379035, 0.16651150353394936], [0.18151086940379035, 0.12529403652951857], [0.18151086940379035, 0.04218185328705436]]], "fe2_c": [[[1000.0, 1000.0], [1000.0, 3.1792229507648626], [1000.0, 0.5224967636028048]]], "fe3_c": [[[9.892342382505634, 10.094759901743728], [9.892342382505634, 3.0808735654290653], [9.892342382505634, 0.9937189455673104]]], "gln__L_c": [[[2.138884839460858, 2.182650789566593], [2.138884839460858, 0.9902935749925956], [2.138884839460858, 0.7449505855145069]]], "glu__L_c": [[[2.7289220365533637, 2.769049512137937], [2.7289220365533637, 0.9879371328800339], [2.7289220365533637, 0.29322510651028644]]], "gly_c": [[[3.9883965826304872, 2.3073736918274714], [3.9883965826304872, 0.5642189979152676], [3.9883965826304872, 0.03776752869966398]]], "gtp_c": [[[0.44711152011329997, 0.3920295107474101], [0.44711152011329997, 0.25371860985256356], [0.44711152011329997, 0.08771486590592131]]], "h2o_c": [[[1000.0, 1000.0], [1000.0, 3.1779956094413357], [1000.0, 0.2752163280797721]]], "his__L_c": [[[0.7835518718816108, 0.7765199924419803], [0.7835518718816108, 0.42440431467591916], [0.7835518718816108, 0.2121239191477949]]], "ile__L_c": [[[1.3413345603397484, 1.3687810036265553], [1.3413345603397484, 0.37010961791207664], [1.3413345603397484, 0.03781830555473852]]], "k_c": [[[39.56936953002444, 40.37903960698392], [39.56936953002444, 3.0371097672879555], [39.56936953002444, 0.6014286409844831]]], "kdo2lipid4_e": [[[0.1140327652162199, 0.11636610837746272], [0.1140327652162199, 0.03810872570740545], [0.1140327652162199, 0.03499977273275819]]], "leu__L_c": [[[1.7603125842812988, 1.7731632840883869], [1.7603125842812988, 0.5669939949819902], [1.7603125842812988, 0.48620247162699154]]], "lys__L_c": [[[1.4131917689293794, 1.4421085573925623], [1.4131917689293794, 0.4500503081673777], [1.4131917689293794, 0.09200542995238987]]], "met__L_c": [[[0.6941994654390506, 0.5647418126850796], [0.6941994654390506, 0.13408852162092966], [0.6941994654390506, 0.010414034336804327]]], "mg2_c": [[[999.9938461196217, 999.9939813753226], [999.9938461196217, 3.9570193675173306], [999.9938461196217, 0.588212766840295]]], "mlthf_c": [[[0.2577809089903689, 0.23408138902592177], [0.2577809089903689, 0.17195308940836251], [0.2577809089903689, 0.039020034754896835]]], "mn2_c": [[[999.9995098177128, 999.9995205913946], [999.9995098177128, 3.178098388170381], [999.9995098177128, 0.5330318752323497]]], "mobd_c": [[[9.892342382503687, 10.094759901746169], [9.892342382503687, 2.9974177760125214], [9.892342382503687, 0.5799795214671857]]], "murein5px4p_p": [[[0.11882693552560725, 0.12125837719817396], [0.11882693552560725, 0.06857028684938808], [0.11882693552560725, 0.0611487285473823]]], "nad_c": [[[0.27009808552913966, 0.2508014882421215], [0.27009808552913966, 0.17909114419771366], [0.27009808552913966, 0.05978590554935335]]], "nadp_c": [[[0.26118395729390664, 0.2432472265480916], [0.26118395729390664, 0.17067523972924034], [0.26118395729390664, 0.06998474067490996]]], "nh4_c": [[[992.3387452441897, 992.5071314199038], [992.3387452441897, 3.815721569264128], [992.3387452441897, 1.5156845868707736]]], "ni2_c": [[[999.9997708699294, 999.999775905963], [999.9997708699294, 3.1780436521747757], [999.9997708699294, 0.5811280531561474]]], "pe160_p": [[[0.24897721415392127, 0.2468139369793176], [0.24897721415392127, 0.06532196804924915], [0.24897721415392127, 0.024973130630649352]]], "pe161_p": [[[0.2533783265253325, 0.2511063532746274], [0.2533783265253325, 0.06926917154998456], [0.2533783265253325, 0.02968112459266469]]], "phe__L_c": [[[0.965106573903032, 0.984854624560618], [0.965106573903032, 0.485167049541254], [0.965106573903032, 0.29798694439388873]]], "pheme_c": [[[0.19349324953559155, 0.19745251641557618], [0.19349324953559155, 0.10495890197317062], [0.19349324953559155, 0.041602527167962526]]], "pro__L_c": [[[1.9302131478058668, 1.9697092491212769], [1.9302131478058668, 0.7733473156305604], [1.9302131478058668, 0.17532984935667564]]], "pydx5p_c": [[[1.1305534151435983, 1.153686845913837], [1.1305534151435983, 0.652263972442146], [1.1305534151435983, 0.7144099745914871]]], "ribflv_c": [[[0.3067392986823628, 0.29049668782001337], [0.3067392986823628, 0.24377539386413205], [0.3067392986823628, 0.09826615159955354]]], "ser__L_c": [[[3.76851138381189, 1.7182570045526655], [3.76851138381189, 0.35726069577844377], [3.76851138381189, 0.017936194681786696]]], "sheme_c": [[[0.16802280055212834, 0.1693041492955318], [0.16802280055212834, 0.07487777507680422], [0.16802280055212834, 0.013319960737520963]]], "so4_c": [[[39.56936953002396, 40.379039606983035], [39.56936953002396, 3.0486627927957577], [39.56936953002396, 0.6207391788662255]]],