{"biomass_reaction": [[[0.2707596457944803, 0.27178760979262373], [0.2707596457944803, 0.2531802757917693], [0.2707596457944803, 0.19756858212842476]]], "10fthf_c": [[[0.08904180593966882, 0.08662004538731172], [0.08904180593966882, 0.056507343851687236], [0.08904180593966882, 0.02500003787136783]]], "2fe2s_c": [[[0.2679275962508857, 0.21450073295928654], [0.2679275962508857, 0.03022999484268619], [0.2679275962508857, 0.0033076310609281368]]], "2ohph_c": [[[0.049352743418268785, 0.04764714877460115], [0.049352743418268785, 0.016032945340705287], [0.049352743418268785, 0.0042030312509224775]]], "4fe4s_c": [[[0.1314764066483135, 0.10510145203286654], [0.1314764066483135, 0.014474581589141017], [0.1314764066483135, 0.0016448728569321875]]], "ala__L_c": [[[1.7896497010674504, 1.720992955787365], [1.7896497010674504, 0.42750056526673064], [1.7896497010674504, 0.25224065323910894]]], "amet_c": [[[0.10312053808548068, 0.09648946014388439], [0.10312053808548068, 0.037938440698409896], [0.10312053808548068, 0.003154058896450386]]], "arg__L_c": [[[0.47206290768012277, 0.4338398283160788], [0.47206290768012277, 0.13796742884147792], [0.47206290768012277, 0.11683357132625877]]], "asn__L_c": [[[0.9179000982669953, 0.9306564059039214], [0.9179000982669953, 0.27093142845306273], [0.9179000982669953, 0.14397489370936012]]], "asp__L_c": [[[1.7531262377804206, 1.6827486678809485], [1.7531262377804206, 0.2880069029401351], [1.7531262377804206, 0.057783895922533995]]], "atp_c": [[[0.1459271991356602, 0.14302570527458414], [0.1459271991356602, 0.07548257127429181], [0.1459271991356602, 0.022793360020516105]]], "btn_c": [[[0.05387674489827555, 0.050972347319825646], [0.05387674489827555, 0.017234632511169724], [0.05387674489827555, 0.001833547605378245]]], "ca2_c": [[[999.9987316264393, 999.9987268109419], [999.9987316264393, 0.6947456603679684], [999.9987316264393, 0.21850966905193667]]], "cl_c": [[[999.9987316264393, 999.9987268109419], [999.9987316264393, 1.3893885149512837], [999.9987316264393, 0.23900167219847732]]], "coa_c": [[[0.0822454734066727, 0.07925919940390141], [0.0822454734066727, 0.03792881965249622], [0.0822454734066727, 0.004052890883686103]]], "cobalt2_c": [[[999.999993907908, 999.9999938847787], [999.999993907908, 1.087562557297351], [999.999993907908, 0.21429540873426153]]], "ctp_c": [[[0.2139565696679655, 0.21711096268303437], [0.2139565696679655, 0.13321298228467027], [0.2139565696679655, 0.1371677851890037]]], "cu2_c": [[[999.99982722827, 999.9998265723262], [999.99982722827, 1.0875866175950977], [999.99982722827, 0.1733753538498481]]], "cys__L_c": [[[0.46323930192911167, 0.37226256236156446], [0.46323930192911167, 0.0742629201669166], [0.46323930192911167, 0.007295002162304494]]], "datp_c": [[[0.14635808653468682, 0.1434335732554116], [0.14635808653468682, 0.07202631254371511], [0.14635808653468682, 0.01990205642559084]]], "dctp_c": [[[0.2148841270509392, 0.2180521951802053], [0.2148841270509392, 0.12037042164891851], [0.2148841270509392, 0.12521609408253262]]], "dgtp_c": [[[0.13936252663472634, 0.1368015585355296], [0.13936252663472634, 0.07464551444149753], [0.13936252663472634, 0.024523444616871868]]], "dttp_c": [[[0.20681476483901168, 0.20986386518036668], [0.20681476483901168, 0.08632770405256629], [0.20681476483901168, 0.026624095474993947]]], "fad_c": [[[0.05781738781142533, 0.05717776395024559], [0.05781738781142533, 0.039723716001742446], [0.05781738781142533, 0.01479835565557847]]], "fe2_c": [[[1000.0, 1000.0], [1000.0, 1.087773220664848], [1000.0, 0.20462932356136426]]], "fe3_c": [[[3.0979128316508127, 3.1435858138482216], [3.0979128316508127, 1.04698486781229], [3.0979128316508127, 0.35175127422665603]]], "gln__L_c": [[[1.0976299193817067, 0.9779779180685615], [1.0976299193817067, 0.3229997141981304], [1.0976299193817067, 0.27322422675500097]]], "glu__L_c": [[[1.1875050892010006, 1.130204329173792], [1.1875050892010006, 0.3292848434788592], [1.1875050892010006, 0.11797491499220117]]], "gly_c": [[[1.4427479163336407, 1.166378825263465], [1.4427479163336407, 0.1901871990023788], [1.4427479163336407, 0.013489904530063875]]], "gtp_c": [[[0.13897179057872797, 0.1364304874002759], [0.13897179057872797, 0.07815492122293104], [0.13897179057872797, 0.03096892157295346]]], "h2o_c": [[[1000.0, 1000.0], [1000.0, 1.0875616935976318], [1000.0, 0.10487661672575627]]], "his__L_c": [[[0.2470096609954337, 0.2506513605725488], [0.2470096609954337, 0.1323671703436178], [0.2470096609954337, 0.07348690110647169]]], "ile__L_c": [[[0.6858865601419751, 0.6483224400678733], [0.6858865601419751, 0.12098360224687317], [0.6858865601419751, 0.01353095124755137]]], "k_c": [[[12.391651326603998, 12.574343255390778], [12.391651326603998, 1.026764677262751], [12.391651326603998, 0.2429981910811235]]], "kdo2lipid4_e": [[[0.03986590239121885, 0.03882954048858687], [0.03986590239121885, 0.012164085856145788], [0.03986590239121885, 0.01182281779441016]]], "leu__L_c": [[[0.7099436830680775, 0.691567808147074], [0.7099436830680775, 0.17998408254592624], [0.7099436830680775, 0.17314075255012262]]], "lys__L_c": [[[0.7299343208850643, 0.6709383391400573], [0.7299343208850643, 0.14440887605502975], [0.7299343208850643, 0.033350176182564126]]], "met__L_c": [[[0.33266178057994894, 0.2610891274481382], [0.33266178057994894, 0.04645157658678094], [0.33266178057994894, 0.003956997559126417]]], "mg2_c": [[[999.9978860440655, 999.9978780182365], [999.9978860440655, 1.2835236088296418], [999.9978860440655, 0.22521715908174292]]], "mlthf_c": [[[0.0892020491417132, 0.08676947617290133], [0.0892020491417132, 0.05460890298603044], [0.0892020491417132, 0.01429654423382097]]], "mn2_c": [[[999.9998316145762, 999.9998309752855], [999.9998316145762, 1.0875859730181594], [999.9998316145762, 0.2858836502088434]]], "mobd_c": [[[3.0979128316507616, 3.143585813847991], [3.0979128316507616, 1.0159775310974803], [3.0979128316507616, 0.20333828229446313]]], "murein5px4p_p": [[[0.044735203345139044, 0.04384551456386123], [0.044735203345139044, 0.022278653538180874], [0.044735203345139044, 0.021663303600292474]]], "nad_c": [[[0.08957820236099646, 0.08896940982587845], [0.08957820236099646, 0.056270932419215235], [0.08957820236099646, 0.02114195936909316]]], "nadp_c": [[[0.08645338134839997, 0.0859294527703278], [0.08645338134839997, 0.053514088572151786], [0.08645338134839997, 0.023599418002997096]]], "nh4_c": [[[1000.0, 1000.0], [1000.0, 1.2191072138907846], [1000.0, 0.4997636967054422]]], "ni2_c": [[[999.999921290171, 999.9999209913418], [999.999921290171, 1.0875730463214364], [999.999921290171, 0.2203845408530783]]], "pe160_p": [[[0.10012026299678356, 0.09549015139299313], [0.10012026299678356, 0.020875053222297157], [0.10012026299678356, 0.0083159802704836]]], "pe161_p": [[[0.10178102565312291, 0.09720627734870829], [0.10178102565312291, 0.02207577596627717], [0.10178102565312291, 0.010573742108858595]]], "phe__L_c": [[[0.3507071130170757, 0.34345653075024984], [0.3507071130170757, 0.15608208857939687], [0.3507071130170757, 0.11092305385623025]]], "pheme_c": [[[0.09680144281542301, 0.08624917364132711], [0.09680144281542301, 0.03368784984493013], [0.09680144281542301, 0.015592440961021277]]], "pro__L_c": [[[0.9471766782913097, 0.9014725006505098], [0.9471766782913097, 0.2504790859442624], [0.9471766782913097, 0.07209759435884693]]], "pydx5p_c": [[[0.37174953979811526, 0.3772302976617379], [0.37174953979811526, 0.20225522533450802], [0.37174953979811526, 0.24083252229227442]]], "ribflv_c": [[[0.09734483072041683, 0.09747552911156397], [0.09734483072041683, 0.07685588024907128], [0.09734483072041683, 0.03544348398834417]]], "ser__L_c": [[[1.4161887230404278, 0.8537412019970084], [1.4161887230404278, 0.12570371295686], [1.4161887230404278, 0.007049218149824949]]], "sheme_c": [[[0.07907224083457559, 0.06943525531412739], [0.07907224083457559, 0.024982892466014407], [0.07907224083457559, 0.005110296883386403]]],