{"biomass_reaction": [[[2.294541037534666, 2.2945410375346835], [2.294541037534666, 2.2945410375346724], [2.294541037534666, 2.2945410375347075]]], "10fthf_c": [[[1.2595979324994007, 1.259597932499429], [1.2595979324994007, 0.25380088912483023], [1.2595979324994007, 0.2668733234760982]]], "2fe2s_c": [[[2.3582395451449325, 2.3582395451451585], [2.3582395451449325, 0.6144576545526821], [2.3582395451449325, 0.4176531230240113]]], "2ohph_c": [[[0.3232023575164219, 0.32320235751643495], [0.3232023575164219, 0.06601054606666917], [0.3232023575164219, 0.05868715096504031]]], "4fe4s_c": [[[1.1443468034082234, 1.1443468034082596], [1.1443468034082234, 0.2947560787083674], [1.1443468034082234, 0.19136564187666558]]], "ala__L_c": [[[9.90542722490418, 9.905427224903733], [9.90542722490418, 1.5932895218344036], [9.90542722490418, 1.208721943479582]]], "amet_c": [[[1.7609735739212404, 1.7609735739211632], [1.7609735739212404, 0.3674258050977418], [1.7609735739212404, 0.3856628573846562]]], "arg__L_c": [[[2.8756359843420483, 2.875635984342134], [2.8756359843420483, 0.5618914253475192], [2.8756359843420483, 0.4829465051809771]]], "asn__L_c": [[[5.365343887964744, 5.365343887964965], [5.365343887964744, 1.2726668648494774], [5.365343887964744, 0.8279741352120891]]], "asp__L_c": [[[9.387918906239987, 9.387918906239417], [9.387918906239987, 1.5681800736601674], [9.387918906239987, 1.0466300342185086]]], "atp_c": [[[2.482645085759757, 2.4826450857599496], [2.482645085759757, 0.3289305745698347], [2.482645085759757, 0.3152956085930417]]], "btn_c": [[[0.6864701204795992, 0.6864701204796257], [0.6864701204795992, 0.15248061541613628], [0.6864701204795992, 0.16283118452199896]]], "ca2_c": [[[999.9892512225097, 999.9892512225097], [999.9892512225097, 5.452454475221142], [999.9892512225097, 1.248753245769363]]], "cl_c": [[[999.9892512225097, 999.9892512225097], [999.9892512225097, 9.913553591308949], [999.9892512225097, 1.5102867627674594]]], "coa_c": [[[1.2659256050773346, 1.2659256050773897], [1.2659256050773346, 0.2508416895598138], [1.2659256050773346, 0.2545812688762539]]], "cobalt2_c": [[[999.9999483728267, 999.9999483728267], [999.9999483728267, 9.087424125368608], [999.9999483728267, 1.2936938453033702]]], "ctp_c": [[[2.2544095043673, 2.2544095043674037], [2.2544095043673, 0.5357802021716705], [2.2544095043673, 0.3668769619630436]]], "cu2_c": [[[999.9985358533639, 999.9985358533639], [999.9985358533639, 9.087424125368607], [999.9985358533639, 1.2936958295969048]]], "cys__L_c": [[[3.845417636678002, 3.8454176366782615], [3.845417636678002, 1.1568828448541706], [3.845417636678002, 1.0362123373100114]]], "datp_c": [[[2.4317480338877364, 2.4317480338877777], [2.4317480338877364, 0.31418634151928804], [2.4317480338877364, 0.3058213129175069]]], "dctp_c": [[[2.2147036618246037, 2.2147036618248452], [2.2147036618246037, 0.49872055897274115], [2.2147036618246037, 0.36067931537861614]]], "dgtp_c": [[[2.3028856240734465, 2.3028856240736073], [2.3028856240734465, 0.3239190674776983], [2.3028856240734465, 0.3130081971339878]]], "dttp_c": [[[2.720847570992329, 2.7208475709922486], [2.720847570992329, 0.5284377374159754], [2.720847570992329, 0.36668448676734783]]], "fad_c": [[[0.7713420425409779, 0.7713420425410643], [0.7713420425409779, 0.14340477458222356], [0.7713420425409779, 0.14112660362197635]]], "fe2_c": [[[1000.0, 1000.0], [1000.0, 9.087424125368608], [1000.0, 1.9263010333816444]]], "fe3_c": [[[27.92836631614617, 27.928366316147756], [27.92836631614617, 7.489738603043644], [27.92836631614617, 1.7019326061845372]]], "gln__L_c": [[[5.616844382713144, 5.616844382713369], [5.616844382713144, 1.0698225362449825], [5.616844382713144, 0.8577991398836562]]], "glu__L_c": [[[6.462252183445787, 6.46225218344546], [6.462252183445787, 1.2457151633593762], [6.462252183445787, 0.9581236992110734]]], "gly_c": [[[10.734271180617123, 9.555431416472945], [10.734271180617123, 1.582227274904661], [10.734271180617123, 1.0476080905110274]]], "gtp_c": [[[2.342974542094153, 2.3429745420941717], [2.342974542094153, 0.3390579932373281], [2.342974542094153, 0.31922446435792673]]], "h2o_c": [[[1000.0, 1000.0], [1000.0, 9.087424125364462], [1000.0, 3.0064777664502493]]], "his__L_c": [[[2.6668315499615662, 2.6668315499617448], [2.6668315499615662, 1.2341212511394661], [2.6668315499615662, 1.1192094127677932]]], "ile__L_c": [[[4.149774850437587, 4.14977485043744], [4.149774850437587, 0.8905496929395461], [4.149774850437587, 0.8647126316617975]]], "k_c": [[[88.96144890639455, 88.9614489063965], [88.96144890639455, 8.01156154049805], [88.96144890639455, 1.4178949803452094]]], "kdo2lipid4_e": [[[0.24546077661732096, 0.2454607766173311], [0.24546077661732096, 0.04489934722326655], [0.24546077661732096, 0.04833142595794621]]], "leu__L_c": [[[4.167015055415512, 4.167015055415376], [4.167015055415512, 0.6638375923944161], [4.167015055415512, 0.5698701442883369]]], "lys__L_c": [[[4.1348180470398255, 4.134818047039916], [4.1348180470398255, 0.7403578032164945], [4.1348180470398255, 0.6943210623889366]]], "met__L_c": [[[3.1504942600624677, 3.1504942600624926], [3.1504942600624677, 1.2296638154303583], [3.1504942600624677, 1.0949484774550358]]], "mg2_c": [[[999.9820853708495, 999.9820853708495], [999.9820853708495, 9.087424125368605], [999.9820853708495, 1.465812127643892]]], "mlthf_c": [[[1.2494216475869093, 1.2494216475869342], [1.2494216475869093, 0.24496486882390045], [1.2494216475869093, 0.2613754109423223]]], "mn2_c": [[[999.9985730249288, 999.9985730249288], [999.9985730249288, 9.087424125368605], [999.9985730249288, 1.4149321067140228]]], "mobd_c": [[[22.24036222659808, 22.240362226599913], [22.24036222659808, 7.4698462524302425], [22.24036222659808, 1.2932165163767495]]], "murein5px4p_p": [[[0.2826085224006624, 0.2826085224006742], [0.2826085224006624, 0.0658732066871048], [0.2826085224006624, 0.06996719466257748]]], "nad_c": [[[1.163632915659838, 1.1636329156597602], [1.163632915659838, 0.24044090487322944], [1.163632915659838, 0.23765345920052147]]], "nadp_c": [[[1.1042133625196442, 1.1042133625197206], [1.1042133625196442, 0.2303178526584562], [1.1042133625196442, 0.22411226133119191]]], "nh4_c": [[[1000.0, 1000.0], [1000.0, 9.08742412536862], [1000.0, 1.7517921920407808]]], "ni2_c": [[[999.9993329769204, 999.9993329769204], [999.9993329769204, 9.087424125368607], [999.9993329769204, 1.4170021127386156]]], "pe160_p": [[[0.5573386162350169, 0.5573386162350049], [0.5573386162350169, 0.08731728001578301], [0.5573386162350169, 0.09012819984204354]]], "pe161_p": [[[0.5674984347601408, 0.5674984347601292], [0.5674984347601408, 0.08988020683215181], [0.5674984347601408, 0.09422176599073656]]], "phe__L_c": [[[3.4320633921169152, 3.432063392116903], [3.4320633921169152, 1.3421163344108473], [3.4320633921169152, 1.1298895819452952]]], "pheme_c": [[[0.507021213672275, 0.5070212136722703], [0.507021213672275, 0.1028110121796432], [0.507021213672275, 0.08845738832372754]]], "pro__L_c": [[[5.207177962574667, 5.207177962574518], [5.207177962574667, 0.8711741146617147], [5.207177962574667, 0.7976475791549422]]], "pydx5p_c": [[[2.5661956415305576, 2.5661956415307157], [2.5661956415305576, 0.4644560540321001], [2.5661956415305576, 0.38934476256505723]]], "ribflv_c": [[[1.1628947569462802, 1.1628947569463783], [1.1628947569462802, 0.22223375742569382], [1.1628947569462802, 0.1938480291682935]]], "ser__L_c": [[[10.671197505651616, 7.958085326416205], [10.671197505651616, 2.0219219275301508], [10.671197505651616, 1.2281234866950839]]], "sheme_c": [[[0.43749862940402456, 0.4374986294040422], [0.43749862940402456, 0.09632418712997583], [0.43749862940402456, 0.08194806833556097]]], "so4_c": [[[88.96144890639206, 88.96144890639653], [88.96144890639206, 8.002577525318907], [88.96144890639206, 1.440402143589915]]], "succoa_c": [[[1.168734270933303, 1.1687342709332977], [1.168734270933303, 0.24002251580403788], [1.168734270933303, 0.24584949739981948]]],