{"biomass_reaction": [[[2.3853297891089476, 2.385329789108927], [2.3853297891089476, 2.385329789109027], [2.3853297891089476, 2.3853297891089804]]], "10fthf_c": [[[1.3068944665803568, 1.3068944665803237], [1.3068944665803568, 0.2673557539860038], [1.3068944665803568, 0.2795425916178672]]], "2fe2s_c": [[[2.3189445421264336, 2.2414797959400508], [2.3189445421264336, 0.6259304011986137], [2.3189445421264336, 0.4343615783951566]]], "2ohph_c": [[[0.3396202923783519, 0.3396202923783537], [0.3396202923783519, 0.0724820238955432], [0.3396202923783519, 0.06340107340295255]]], "4fe4s_c": [[[1.1302864701898085, 1.0953210549233046], [1.1302864701898085, 0.3002348383420207], [1.1302864701898085, 0.19925257197225404]]], "ala__L_c": [[[10.531476135641011, 10.531476135641519], [10.531476135641011, 1.7549831642129115], [10.531476135641011, 1.3593051892786043]]], "amet_c": [[[1.809910298875066, 1.8099102988750517], [1.809910298875066, 0.3859303927417407], [1.809910298875066, 0.4024106522738437]]], "arg__L_c": [[[2.9851162918757126, 2.985116291875797], [2.9851162918757126, 0.6050984857340835], [2.9851162918757126, 0.51921724234688]]], "asn__L_c": [[[5.625471032817205, 5.625471032816997], [5.625471032817205, 1.3934155498280538], [5.625471032817205, 0.88247573996004]]], "asp__L_c": [[[9.780394939088293, 9.780394939087923], [9.780394939088293, 1.6869843559376116], [9.780394939088293, 1.1326926158926074]]], "atp_c": [[[2.6039457472480234, 2.6039457472478738], [2.6039457472480234, 0.3448166640417574], [2.6039457472480234, 0.3280369445100749]]], "btn_c": [[[0.7165119911979099, 0.716511991197845], [0.7165119911979099, 0.16660319303592408], [0.7165119911979099, 0.1735930026919376]]], "ca2_c": [[[999.9888259226029, 999.9888259226029], [999.9888259226029, 5.668193277325113], [999.9888259226029, 1.295450183935515]]], "cl_c": [[[999.9888259226029, 999.9888259226029], [999.9888259226029, 10.305805958762356], [999.9888259226029, 1.5667751841622886]]], "coa_c": [[[1.3029899683732562, 1.3029899683732333], [1.3029899683732562, 0.263535564288348], [1.3029899683732562, 0.2664522221958449]]], "cobalt2_c": [[[999.9999463300798, 999.9999463300798], [999.9999463300798, 9.4469887955415], [999.9999463300798, 1.3368550417192653]]], "ctp_c": [[[2.359925952513533, 2.3599259525135348], [2.359925952513533, 0.5753675532797062], [2.359925952513533, 0.38162724348537813]]], "cu2_c": [[[999.9984779210615, 999.9984779210615], [999.9984779210615, 9.446988795541511], [999.9984779210615, 1.342072184865851]]], "cys__L_c": [[[3.8892534446688494, 3.821803680847464], [3.8892534446688494, 1.2256859779549198], [3.8892534446688494, 1.0997175292163999]]], "datp_c": [[[2.5552752294434824, 2.555275229443529], [2.5552752294434824, 0.32943477532783405], [2.5552752294434824, 0.31890298843093057]]], "dctp_c": [[[2.31836169894682, 2.3183616989468097], [2.31836169894682, 0.5372015146518448], [2.31836169894682, 0.37585156619201066]]], "dgtp_c": [[[2.4023542978113754, 2.4023542978114327], [2.4023542978113754, 0.34002312475267266], [2.4023542978113754, 0.32603740473071496]]], "dttp_c": [[[2.8535246002099255, 2.8535246002098167], [2.8535246002099255, 0.572723723875506], [2.8535246002099255, 0.38286924938208966]]], "fad_c": [[[0.8105244405532788, 0.8105244405532467], [0.8105244405532788, 0.15193245891587215], [0.8105244405532788, 0.14708902839204815]]], "fe2_c": [[[1000.0, 1000.0], [1000.0, 9.446988795541511], [1000.0, 2.002985531938831]]], "fe3_c": [[[29.023524032810144, 29.023524032811054], [29.023524032810144, 7.790877741345703], [29.023524032810144, 1.765440151678298]]], "gln__L_c": [[[5.889164987480468, 5.889164987480435], [5.889164987480468, 1.173371504411837], [5.889164987480468, 0.9309339886829182]]], "glu__L_c": [[[6.857859355527741, 6.857859355527918], [6.857859355527741, 1.3559704959927923], [6.857859355527741, 1.0519278183180427]]], "gly_c": [[[12.03031083290112, 10.204307370579288], [12.03031083290112, 2.785391081825783], [12.03031083290112, 1.670776203141552]]], "gtp_c": [[[2.444174778817792, 2.444174778817895], [2.444174778817792, 0.3551582255735256], [2.444174778817792, 0.33193971714217]]], "h2o_c": [[[1000.0, 1000.0], [1000.0, 9.446988795541111], [1000.0, 3.17930767259464]]], "his__L_c": [[[2.754726666190085, 2.754726666190139], [2.754726666190085, 1.2575024485615351], [2.754726666190085, 1.1326548865167503]]], "ile__L_c": [[[4.640800520930029, 4.640800520930121], [4.640800520930029, 0.9547192564649472], [4.640800520930029, 0.9173075401686196]]], "k_c": [[[93.48048547714109, 93.4804854771433], [93.48048547714109, 8.329609613357079], [93.48048547714109, 1.4709324744345604]]], "kdo2lipid4_e": [[[0.25962961023538467, 0.25962961023538117], [0.25962961023538467, 0.049083937259820666], [0.25962961023538467, 0.053794157916932074]]], "leu__L_c": [[[4.3559763940786596, 4.3559763940788825], [4.3559763940786596, 0.690103841407192], [4.3559763940786596, 0.5911600017635089]]], "lys__L_c": [[[4.295542177311866, 4.29554217731179], [4.295542177311866, 0.767472476070708], [4.295542177311866, 0.7110891972651235]]], "met__L_c": [[[3.163377962148141, 3.1312052471346656], [3.163377962148141, 1.2812156863924806], [3.163377962148141, 1.1224238357102794]]], "mg2_c": [[[999.9813765376715, 999.9813765376715], [999.9813765376715, 9.446988795541511], [999.9813765376715, 1.5206243157955102]]], "mlthf_c": [[[1.2963360732237212, 1.2963360732237494], [1.2963360732237212, 0.2585536677969293], [1.2963360732237212, 0.27446289807627766]]], "mn2_c": [[[999.9985165634041, 999.9985165634041], [999.9985165634041, 9.446988795541511], [999.9985165634041, 1.4678150408255963]]], "mobd_c": [[[23.370121369285204, 23.37012136928539], [23.370121369285204, 7.770988587453616], [23.370121369285204, 1.341576109140128]]], "murein5px4p_p": [[[0.2963101880493299, 0.29631018804933307], [0.2963101880493299, 0.07290176064806031], [0.2963101880493299, 0.07786399255130871]]], "nad_c": [[[1.212229724306594, 1.2122297243065299], [1.212229724306594, 0.25318219043252266], [1.212229724306594, 0.24801431196593113]]], "nadp_c": [[[1.150328632001619, 1.1503286320015516], [1.150328632001619, 0.2423746672469376], [1.150328632001619, 0.2333648259132079]]], "nh4_c": [[[1000.0, 1000.0], [1000.0, 9.446988795541515], [1000.0, 1.883302664040097]]], "ni2_c": [[[999.9993065846303, 999.9993065846303], [999.9993065846303, 9.446988795541511], [999.9993065846303, 1.4700081751558507]]], "pe160_p": [[[0.5925638746396693, 0.5925638746396913], [0.5925638746396693, 0.09385182863768587], [0.5925638746396693, 0.10046151527461092]]], "pe161_p": [[[0.6033658202711151, 0.6033658202711251], [0.6033658202711151, 0.09644182527194745], [0.6033658202711151, 0.10496441370650433]]], "phe__L_c": [[[3.5283746099283526, 3.5283746099283695], [3.5283746099283526, 1.4077254518364404], [3.5283746099283526, 1.1611493554054606]]], "pheme_c": [[[0.5316030454143088, 0.5316030454142958], [0.5316030454143088, 0.11351268970488473], [0.5316030454143088, 0.09471987322019841]]], "pro__L_c": [[[5.530905213196215, 5.530905213196464], [5.530905213196215, 0.9675793223469011], [5.530905213196215, 0.876952267165528]]], "pydx5p_c": [[[2.696552465686746, 2.696552465686762], [2.696552465686746, 0.5001776055033378], [2.696552465686746, 0.4119309028013543]]], "ribflv_c": [[[1.221967130420163, 1.2219671304201563], [1.221967130420163, 0.2417859166202846], [1.221967130420163, 0.2040398256834376]]], "ser__L_c": [[[10.534012605203486, 7.350944067060982], [10.534012605203486, 2.137154560355111], [10.534012605203486, 1.346166170377467]]], "sheme_c": [[[0.4587098083554703, 0.4587098083554756], [0.4587098083554703, 0.1051274158498299], [0.4587098083554703, 0.08713276957978891]]], "so4_c": [[[93.48048547714357, 93.48048547714242], [93.48048547714357, 8.320273971417091], [93.48048547714357, 1.4943553461454404]]], "succoa_c": [[[1.2010426146495785, 1.2010426146494915], [1.2010426146495785, 0.25274664608504416], [1.2010426146495785, 0.25757103208076854]]],