{"biomass_reaction": [[[2.236578187371642, 2.2365781873716033], [2.236578187371642, 2.2365781873716246], [2.236578187371642, 2.236578187371627]]], "10fthf_c": [[[1.2348872429711784, 1.2348872429711415], [1.2348872429711784, 0.24699521663837576], [1.2348872429711784, 0.25968340962264014]]], "2fe2s_c": [[[2.2034339628476998, 2.1436406436798054], [2.2034339628476998, 0.6074847696705337], [2.2034339628476998, 0.40670935222557525]]], "2ohph_c": [[[0.3145555726682008, 0.31455557266818907], [0.3145555726682008, 0.06408259790357464], [0.3145555726682008, 0.057013537081189246]]], "4fe4s_c": [[[1.0739849750264145, 1.0475109949528394], [1.0739849750264145, 0.29143363376019804], [1.0739849750264145, 0.18631779870339285]]], "ala__L_c": [[[9.526315142817314, 9.526315142817566], [9.526315142817314, 1.5452415215134496], [9.526315142817314, 1.171855255131502]]], "amet_c": [[[1.7363911144592024, 1.736391114459159], [1.7363911144592024, 0.3576922544261819], [1.7363911144592024, 0.3758735308169605]]], "arg__L_c": [[[2.8203800597096045, 2.8203800597096658], [2.8203800597096045, 0.5485981118933604], [2.8203800597096045, 0.4694043628422653]]], "asn__L_c": [[[5.229423872255449, 5.229423872255594], [5.229423872255449, 1.2360394654316451], [5.229423872255449, 0.804730724662734]]], "asp__L_c": [[[9.055910808332062, 9.05591080833256], [9.055910808332062, 1.5211472161597452], [9.055910808332062, 1.016949549904937]]], "atp_c": [[[2.416225712844339, 2.4162257128443647], [2.416225712844339, 0.3202670599487732], [2.416225712844339, 0.307462230687866]]], "btn_c": [[[0.6685824044549932, 0.668582404454988], [0.6685824044549932, 0.1481084048466857], [0.6685824044549932, 0.15832097100822662]]], "ca2_c": [[[999.9895227494812, 999.9895227494812], [999.9895227494812, 5.314718955742103], [999.9895227494812, 1.217841130374898]]], "cl_c": [[[999.9895227494812, 999.9895227494812], [999.9895227494812, 9.66312537407728], [999.9895227494812, 1.4728870052575607]]], "coa_c": [[[1.24697915970717, 1.2469791597071453], [1.24697915970717, 0.24417225856498415], [1.24697915970717, 0.2480249285449881]]], "cobalt2_c": [[[999.9999496769908, 999.9999496769908], [999.9999496769908, 8.857864926237093], [999.9999496769908, 1.2616602253318367]]], "ctp_c": [[[2.1991178256459403, 2.1991178256459265], [2.1991178256459403, 0.5209810379281802], [2.1991178256459403, 0.35760783103711674]]], "cu2_c": [[[999.9985728394587, 999.9985728394587], [999.9985728394587, 8.857864926237093], [999.9985728394587, 1.2616562077773352]]], "cys__L_c": [[[3.6955231030437634, 3.654984406849761], [3.6955231030437634, 1.1412366538959853], [3.6955231030437634, 1.0118372653439514]]], "datp_c": [[[2.366690333765579, 2.366690333765465], [2.366690333765579, 0.30590519645357256], [2.366690333765579, 0.2980847658591091]]], "dctp_c": [[[2.1603858091474137, 2.1603858091472508], [2.1603858091474137, 0.4846564565113598], [2.1603858091474137, 0.35137442262391205]]], "dgtp_c": [[[2.250904166088527, 2.250904166088517], [2.250904166088527, 0.31534184030298534], [2.250904166088527, 0.30497355628805584]]], "dttp_c": [[[2.650997311707451, 2.6509973117073624], [2.650997311707451, 0.5132886502268338], [2.650997311707451, 0.357213685408824]]], "fad_c": [[[0.7507059656958748, 0.7507059656958809], [0.7507059656958748, 0.13956826288705115], [0.7507059656958748, 0.13752892098875522]]], "fe2_c": [[[1000.0, 1000.0], [1000.0, 8.857864926237093], [1000.0, 1.8771037348158917]]], "fe3_c": [[[27.355450246101572, 27.35545024610142], [27.355450246101572, 7.304089295815195], [27.355450246101572, 1.6596884805846965]]], "gln__L_c": [[[5.474553116267727, 5.474553116267558], [5.474553116267727, 1.0389110216656952], [5.474553116267727, 0.8339477564586875]]], "glu__L_c": [[[6.215739817441417, 6.215739817441751], [6.215739817441417, 1.2097256734176214], [6.215739817441417, 0.9303798186261139]]], "gly_c": [[[11.431934045745614, 9.816266085909481], [11.431934045745614, 2.551971476744112], [11.431934045745614, 1.5217841361612552]]], "gtp_c": [[[2.290088184453633, 2.2900881844535683], [2.290088184453633, 0.33010094940078555], [2.290088184453633, 0.31104018801353117]]], "h2o_c": [[[1000.0, 1000.0], [1000.0, 8.857864926243721], [1000.0, 2.92208848411299]]], "his__L_c": [[[2.6213870225136033, 2.621387022513588], [2.6213870225136033, 1.2260861066369055], [2.6213870225136033, 1.1116819457281526]]], "ile__L_c": [[[4.024898093202325, 4.024898093202632], [4.024898093202325, 0.903612820680405], [4.024898093202325, 0.8782384837515188]]], "k_c": [[[86.58142137692663, 86.58142137692316], [86.58142137692663, 7.809773652002891], [86.58142137692663, 1.3827654238727078]]], "kdo2lipid4_e": [[[0.23748755350570405, 0.23748755350570486], [0.23748755350570405, 0.04360264229600207], [0.23748755350570405, 0.04672551011805001]]], "leu__L_c": [[[4.054682919580466, 4.054682919580593], [4.054682919580466, 0.6776315194918864], [4.054682919580466, 0.5795271206319758]]], "lys__L_c": [[[4.017417654260253, 4.017417654260238], [4.017417654260253, 0.7433117542070379], [4.017417654260253, 0.6990485165448317]]], "met__L_c": [[[3.0590497500593323, 3.0424053110808504], [3.0590497500593323, 1.2196888492834552], [3.0590497500593323, 1.0859651525467484]]], "mg2_c": [[[999.9825379158021, 999.982537915802], [999.9825379158021, 8.857864926237093], [999.9825379158021, 1.4295182154908985]]], "mlthf_c": [[[1.224910595586334, 1.224910595586307], [1.224910595586334, 0.23837777575389543], [1.224910595586334, 0.2543298746256946]]], "mn2_c": [[[999.9986090720253, 999.9986090720253], [999.9986090720253, 8.857864926237095], [999.9986090720253, 1.3798914875875792]]], "mobd_c": [[[21.645355344230875, 21.645355344230733], [21.645355344230875, 7.282816747594412], [21.645355344230875, 1.2611894375301103]]], "murein5px4p_p": [[[0.2754492133971088, 0.27544921339710154], [0.2754492133971088, 0.0639085264047614], [0.2754492133971088, 0.06783253271427392]]], "nad_c": [[[1.1380428893206773, 1.1380428893206997], [1.1380428893206773, 0.23403807857512177], [1.1380428893206773, 0.231488874006374]]], "nadp_c": [[[1.0799300609298275, 1.079930060929783], [1.0799300609298275, 0.22418460299203238], [1.0799300609298275, 0.21833227104526007]]], "nh4_c": [[[1000.0, 1000.0], [1000.0, 8.857864926237095], [1000.0, 1.70375619977795]]], "ni2_c": [[[999.999349826721, 999.999349826721], [999.999349826721, 8.857864926237093], [999.999349826721, 1.3819089581876502]]], "pe160_p": [[[0.5360075016418866, 0.5360075016419242], [0.5360075016418866, 0.08482219051920331], [0.5360075016418866, 0.08710150034785351]]], "pe161_p": [[[0.5457784717239177, 0.5457784717239336], [0.5457784717239177, 0.08733960186563225], [0.5457784717239177, 0.09104900316435677]]], "phe__L_c": [[[3.3829950496836796, 3.382995049683574], [3.3829950496836796, 1.3279195299007898], [3.3829950496836796, 1.1181572651626994]]], "pheme_c": [[[0.4941768680410716, 0.4941768680410969], [0.4941768680410716, 0.0998120578587666], [0.4941768680410716, 0.08597987045577866]]], "pro__L_c": [[[5.011215087487287, 5.0112150874875745], [5.011215087487287, 0.8480505187225746], [5.011215087487287, 0.7747242440860761]]], "pydx5p_c": [[[2.4975410012574737, 2.4975410012573898], [2.4975410012574737, 0.4513261586307311], [2.4975410012574737, 0.378296507482906]]], "ribflv_c": [[[1.1317832859728585, 1.1317832859728383], [1.1317832859728585, 0.2179192006388769], [1.1317832859728585, 0.1900825396673018]]], "ser__L_c": [[[9.786237920473024, 7.0862284392505845], [9.786237920473024, 1.9641217127273884], [9.786237920473024, 1.1918127261451614]]], "sheme_c": [[[0.42641549627722036, 0.42641549627721925], [0.42641549627722036, 0.09354623155114805], [0.42641549627722036, 0.07969062598599971]]], "so4_c": [[[86.58142137692465, 86.58142137692188], [86.58142137692465, 7.801048723827135], [86.58142137692465, 1.4046053662255416]]], "succoa_c": [[[1.1523939260247804, 1.1523939260247786], [1.1523939260247804, 0.23365849623993418], [1.1523939260247804, 0.23961816190897006]]],