{"biomass_reaction": [[[2.1367307044453847, 2.1367307044454007], [2.1367307044453847, 2.1367307044453963], [2.1367307044453847, 2.1367307044453123]]], "10fthf_c": [[[1.1658446032189684, 1.1358782911201795], [1.1658446032189684, 0.23596861769568397], [1.1658446032189684, 0.2483147179386939]]], "2fe2s_c": [[[1.9860574864174807, 1.6594945426703835], [1.9860574864174807, 0.5914935738091781], [1.9860574864174807, 0.3890883556056595]]], "2ohph_c": [[[0.3004266093025529, 0.3004266093025415], [0.3004266093025529, 0.06122176069424007], [0.3004266093025529, 0.05443572145614537]]], "4fe4s_c": [[[0.9697577167877776, 0.8170600041893984], [0.9697577167877776, 0.28613944751912346], [0.9697577167877776, 0.1781150810689669]]], "ala__L_c": [[[8.94191203463189, 8.941912034631677], [8.94191203463189, 1.4762573575322528], [8.94191203463189, 1.1192560903292803]]], "amet_c": [[[1.6877280594972761, 1.6818063741961085], [1.6877280594972761, 0.3417238114411069], [1.6877280594972761, 0.35937932201302925]]], "arg__L_c": [[[2.7313076181561584, 2.7313076181559595], [2.7313076181561584, 0.5289196441658902], [2.7313076181561584, 0.4485327112453513]]], "asn__L_c": [[[5.00787548385789, 5.00787548385768], [5.00787548385789, 1.1808589981817865], [5.00787548385789, 0.7693522730478644]]], "asp__L_c": [[[8.545643472231426, 8.54564347223114], [8.545643472231426, 1.4532386934221517], [8.545643472231426, 0.9718975767933005]]], "atp_c": [[[2.3076955593635833, 2.307695559363709], [2.3076955593635833, 0.3059693886307283], [2.3076955593635833, 0.29379454327384324]]], "btn_c": [[[0.6385515383052299, 0.6385515383051846], [0.6385515383052299, 0.14149640643437755], [0.6385515383052299, 0.15131536918561264]]], "ca2_c": [[[999.989990485015, 999.989990485015], [999.989990485015, 5.077454140593039], [999.989990485015, 1.1632667169414794]]], "cl_c": [[[999.989990485015, 999.989990485015], [999.989990485015, 9.231734801111646], [999.989990485015, 1.4068294670671602]]], "coa_c": [[[1.2155317348069277, 1.21505215301771], [1.2155317348069277, 0.2332716848423788], [1.2155317348069277, 0.23697797937785234]]], "cobalt2_c": [[[999.9999519235591, 999.9999519235591], [999.9999519235591, 8.462423567655064], [999.9999519235591, 1.2050448434303334]]], "ctp_c": [[[2.1089123568990877, 2.1089123568989288], [2.1089123568990877, 0.497722899409799], [2.1089123568990877, 0.34163308627665273]]], "cu2_c": [[[999.9986365521374, 999.9986365521374], [999.9986365521374, 8.462423567655064], [999.9986365521374, 1.2042491380223936]]], "cys__L_c": [[[3.3287442377984373, 2.904115449673121], [3.3287442377984373, 1.1199611614650036], [3.3287442377984373, 0.9696051606100807]]], "datp_c": [[[2.2603851720418113, 2.2603851720417167], [2.2603851720418113, 0.29224868131242576], [2.2603851720418113, 0.28491268249143026]]], "dctp_c": [[[2.0717690864253173, 2.0717690864252543], [2.0717690864253173, 0.4630199550289235], [2.0717690864253173, 0.3357921842893977]]], "dgtp_c": [[[2.166170931853334, 2.166170931853278], [2.166170931853334, 0.30126404539581575], [2.166170931853334, 0.29112785833280785]]], "dttp_c": [[[2.502366693247768, 2.4790665690125486], [2.502366693247768, 0.49035002624033824], [2.502366693247768, 0.3412283963469526]]], "fad_c": [[[0.716986337085517, 0.7169863370854944], [0.716986337085517, 0.1333375217377768], [0.716986337085517, 0.13139922990784209]]], "fe2_c": [[[1000.0, 1000.0], [1000.0, 8.462423567655128], [1000.0, 1.7931736037077004]]], "fe3_c": [[[26.421254845916657, 26.421254845916607], [26.421254845916657, 6.974621146274985], [26.421254845916657, 1.5849169249028467]]], "gln__L_c": [[[5.242619647163744, 5.242619647163278], [5.242619647163744, 0.99253095273584], [5.242619647163744, 0.7961381358428605]]], "glu__L_c": [[[5.835850749354603, 5.835850749354418], [5.835850749354603, 1.1557199318780373], [5.835850749354603, 0.888687200872071]]], "gly_c": [[[8.604472339518795, 6.57563890333904], [8.604472339518795, 1.2702129065289292], [8.604472339518795, 0.9830435425875094]]], "gtp_c": [[[2.203879903587768, 2.2038799035876426], [2.203879903587768, 0.3153642640951876], [2.203879903587768, 0.2973881214682534]]], "h2o_c": [[[1000.0, 1000.0], [1000.0, 8.462423567655303], [1000.0, 2.7929566169798385]]], "his__L_c": [[[2.516598236123596, 2.4950984885449006], [2.516598236123596, 1.214428587558817], [2.516598236123596, 1.097752040219534]]], "ile__L_c": [[[3.835581840431947, 3.835581840431856], [3.835581840431947, 0.9052690524296888], [3.835581840431947, 0.8752812648629031]]], "k_c": [[[82.6924242105278, 82.69242421052523], [82.6924242105278, 7.460555038379916], [82.6924242105278, 1.3208035039565291]]], "kdo2lipid4_e": [[[0.22481565469904954, 0.22481565469903605], [0.22481565469904954, 0.0416560910389283], [0.22481565469904954, 0.04456653250651813]]], "leu__L_c": [[[3.888894150032463, 3.8888941500322485], [3.888894150032463, 0.7160444196971965], [3.888894150032463, 0.6159680202039081]]], "lys__L_c": [[[3.8704478667915736, 3.870447866791502], [3.8704478667915736, 0.7530261336755697], [3.8704478667915736, 0.7097709364890413]]], "met__L_c": [[[2.8293438616952704, 2.670535007004455], [2.8293438616952704, 1.2078905770631465], [2.8293438616952704, 1.0711519674624825]]], "mg2_c": [[[999.9833174750252, 999.9833174750249], [999.9833174750252, 8.462423567655064], [999.9833174750252, 1.3654495737368937]]], "mlthf_c": [[[1.1568148257414066, 1.127566986551], [1.1568148257414066, 0.22773588492756403], [1.1568148257414066, 0.2431661295520292]]], "mn2_c": [[[999.998671167175, 999.998671167175], [999.998671167175, 8.462423567655064], [999.998671167175, 1.3180337848080663]]], "mobd_c": [[[20.673106052631613, 20.67310605263143], [20.673106052631613, 6.956096920452497], [20.673106052631613, 1.2046793989077653]]], "murein5px4p_p": [[[0.26377960488873525, 0.2637796048887473], [0.26377960488873525, 0.06105546026334683], [0.26377960488873525, 0.06474695928628697]]], "nad_c": [[[1.0962306215105933, 1.0962306215105642], [1.0962306215105933, 0.22358992470029], [1.0962306215105933, 0.22128619022068027]]], "nadp_c": [[[1.0402528876461812, 1.0402528876461936], [1.0402528876461812, 0.21417633748807147], [1.0402528876461812, 0.20855314959252677]]], "nh4_c": [[[1000.0, 1000.0], [1000.0, 8.462423567654984], [1000.0, 1.6266730853888494]]], "ni2_c": [[[999.9993788523842, 999.9993788523842], [999.9993788523842, 8.462423567655064], [999.9993788523842, 1.3199897220595398]]], "pe160_p": [[[0.5030247051654994, 0.5029565167683268], [0.5030247051654994, 0.08103547639160025], [0.5030247051654994, 0.08306539829435103]]], "pe161_p": [[[0.5121469148446736, 0.5120421828776692], [0.5121469148446736, 0.08344050276308804], [0.5121469148446736, 0.08681792072855991]]], "phe__L_c": [[[3.303654580778029, 3.303654580777991], [3.303654580778029, 1.3092790418935458], [3.303654580778029, 1.1002933157300023]]], "pheme_c": [[[0.47324070157752984, 0.47324070157754083], [0.47324070157752984, 0.0953561516001998], [0.47324070157752984, 0.08211495107241139]]], "pro__L_c": [[[4.709398994608899, 4.709398994608736], [4.709398994608899, 0.8154814239825428], [4.709398994608899, 0.739617648371367]]], "pydx5p_c": [[[2.385358390688355, 2.385358390688215], [2.385358390688355, 0.4311776204878469], [2.385358390688355, 0.3608248110630546]]], "ribflv_c": [[[1.0809467217062443, 1.0809467217062216], [1.0809467217062443, 0.20806414527212022], [1.0809467217062443, 0.18168777239423653]]], "ser__L_c": [[[8.679439346842349, 4.779856139654469], [8.679439346842349, 0.9075084929892072], [8.679439346842349, 0.7902996592389905]]], "sheme_c": [[[0.40835009016448226, 0.40835009016446855], [0.40835009016448226, 0.08937005036048154], [0.40835009016448226, 0.07616917315100233]]], "so4_c": [[[82.6924242105295, 82.69242421052526], [82.6924242105295, 7.45218892578715], [82.6924242105295, 1.3417081173753906]]], "succoa_c": [[[1.1199704320011001, 1.1199704320010877], [1.1199704320011001, 0.22322728804637326], [1.1199704320011001, 0.22893007263876544]]],