{"biomass_reaction": [[[2.1074192358380555, 2.10695250755664], [2.1074192358380555, 2.089666349490071], [2.1074192358380555, 2.0200666173125508]]], "10fthf_c": [[[1.1486178575124548, 1.093748748753559], [1.1486178575124548, 0.31411132169933287], [1.1486178575124548, 0.28322399935772846]]], "2fe2s_c": [[[1.9562440145078748, 1.570980393426447], [1.9562440145078748, 0.534772817541469], [1.9562440145078748, 0.378538398955927]]], "2ohph_c": [[[0.3015399570074814, 0.3026424640115339], [0.3015399570074814, 0.07536153915460303], [0.3015399570074814, 0.053224383674616155]]], "4fe4s_c": [[[0.9554649826444277, 0.7734796432466491], [0.9554649826444277, 0.25860862791812167], [0.9554649826444277, 0.17354488430947912]]], "ala__L_c": [[[8.794048647741064, 8.793734256266438], [8.794048647741064, 1.759743208866191], [8.794048647741064, 1.2231538493560787]]], "amet_c": [[[1.7048620411811606, 1.6625538300759009], [1.7048620411811606, 0.4568389928196347], [1.7048620411811606, 0.39240682154468465]]], "arg__L_c": [[[2.7471335683805735, 2.7445746079524587], [2.7471335683805735, 0.6541202377302198], [2.7471335683805735, 0.4774379989006573]]], "asn__L_c": [[[5.029291672969602, 5.023842949877335], [5.029291672969602, 1.5239808449026735], [5.029291672969602, 0.8040295384704708]]], "asp__L_c": [[[8.417160190907618, 8.391173355706911], [8.417160190907618, 1.7085206161069766], [8.417160190907618, 0.9448105220651241]]], "atp_c": [[[2.31624762324587, 2.3247164154188784], [2.31624762324587, 0.40440486834313993], [2.31624762324587, 0.3202947485307957]]], "btn_c": [[[0.6519510512493142, 0.6404475691130583], [0.6519510512493142, 0.18139532691856403], [0.6519510512493142, 0.15482591334592585]]], "ca2_c": [[[999.9901277945897, 999.9901299809784], [999.9901277945897, 5.089705740573889], [999.9901277945897, 1.1429233089150619]]], "cl_c": [[[999.9901277945897, 999.9901299809784], [999.9901277945897, 10.094827003482985], [999.9901277945897, 1.3891846060796909]]], "coa_c": [[[1.2107839326631724, 1.1963637898558659], [1.2107839326631724, 0.3033473225464385], [1.2107839326631724, 0.261520435273823]]], "cobalt2_c": [[[999.9999525830672, 999.9999525935685], [999.9999525830672, 8.346337733542976], [999.9999525830672, 1.1873668420161363]]], "ctp_c": [[[2.1170476532729463, 2.124314692828472], [2.1170476532729463, 0.6797289184416948], [2.1170476532729463, 0.40175714672292556]]], "cu2_c": [[[999.9986552557856, 999.998655553605], [999.9986552557856, 8.346362019491638], [999.9986552557856, 1.1873863211497393]]], "cys__L_c": [[[3.2787751792456348, 2.749215688496174], [3.2787751792456348, 1.093072358894911], [3.2787751792456348, 0.8894863168687995]]], "datp_c": [[[2.2687619088740885, 2.277057081162007], [2.2687619088740885, 0.3838135924370397], [2.2687619088740885, 0.3043631159771111]]], "dctp_c": [[[2.0797610996927065, 2.086900148336471], [2.0797610996927065, 0.5995514526191085], [2.0797610996927065, 0.3822985333568399]]], "dgtp_c": [[[2.1743332227804006, 2.181275026738815], [2.1743332227804006, 0.39616510749769557], [2.1743332227804006, 0.3185944730946105]]], "dttp_c": [[[2.533227766739049, 2.455194668093876], [2.533227766739049, 0.700637812473934], [2.533227766739049, 0.3737013729719667]]], "fad_c": [[[0.7196434089564884, 0.7222746088368103], [0.7196434089564884, 0.18918292275014464], [0.7196434089564884, 0.1629050020131944]]], "fe2_c": [[[1000.0, 1000.0], [1000.0, 8.346891268539819], [1000.0, 1.7715250537089564]]], "fe3_c": [[[26.509038277274172, 26.585082420061166], [26.509038277274172, 7.8501244237298575], [26.509038277274172, 1.6437446447099726]]], "gln__L_c": [[[5.257852042122443, 5.259335588152536], [5.257852042122443, 1.3625239535161469], [5.257852042122443, 0.8992119079047929]]], "glu__L_c": [[[5.739775488044326, 5.737225139064698], [5.739775488044326, 1.485839353566964], [5.739775488044326, 0.9904975463568138]]], "gly_c": [[[8.299887316631391, 6.0903509268574485], [8.299887316631391, 1.1620471548829385], [8.299887316631391, 0.3558945425951795]]], "gtp_c": [[[2.2121842846856037, 2.2192469324268553], [2.2121842846856037, 0.41735371545473954], [2.2121842846856037, 0.33193078915717006]]], "h2o_c": [[[1000.0, 1000.0], [1000.0, 8.35600215113983], [1000.0, 2.7766357010365272]]], "his__L_c": [[[2.541486584544823, 2.4798771205697516], [2.541486584544823, 1.3884592333509478], [2.541486584544823, 1.1571400437922492]]], "ile__L_c": [[[3.763563378935522, 3.739215221316739], [3.763563378935522, 0.8997815294898375], [3.763563378935522, 0.6981083811724049]]], "k_c": [[[82.99887316631097, 83.30233821917793], [82.99887316631097, 7.899045564882154], [82.99887316631097, 1.3330414599288078]]], "kdo2lipid4_e": [[[0.22353532644969296, 0.22418526300300753], [0.22353532644969296, 0.04978509903600264], [0.22353532644969296, 0.048733266164488205]]], "leu__L_c": [[[3.8497899146886296, 3.849990760459007], [3.8497899146886296, 0.8767668523249519], [3.8497899146886296, 0.7262127861657941]]], "lys__L_c": [[[3.870062808856481, 3.8521361346995886], [3.870062808856481, 0.8496748466204306], [3.870062808856481, 0.6736925861178927]]], "met__L_c": [[[2.848112621008155, 2.567263060227175], [2.848112621008155, 1.2176669740738078], [2.848112621008155, 0.8899418726232288]]], "mg2_c": [[[999.9835463243162, 999.9835499682973], [999.9835463243162, 8.482896253266343], [999.9835463243162, 1.3614266168532487]]], "mlthf_c": [[[1.1397215057761123, 1.0857457091285379], [1.1397215057761123, 0.2928686126828572], [1.1397215057761123, 0.25312347002240315]]], "mn2_c": [[[999.9986893959772, 999.9986896862356], [999.9986893959772, 8.34636138038767], [999.9986893959772, 1.2974177465085395]]], "mobd_c": [[[20.74971829158011, 20.825584554794226], [20.74971829158011, 7.846567792610651], [20.74971829158011, 1.2146582010775118]]], "murein5px4p_p": [[[0.2649076588749741, 0.2646206585234086], [0.2649076588749741, 0.08157639700768188], [0.2649076588749741, 0.07709062979971665]]], "nad_c": [[[1.0995411769092653, 1.1028073667524723], [1.0995411769092653, 0.30755767640685], [1.0995411769092653, 0.26028726054069995]]], "nadp_c": [[[1.043394393407533, 1.0464937990884948], [1.043394393407533, 0.2934867770249886], [1.043394393407533, 0.24474591397635412]]], "nh4_c": [[[1000.0, 1000.0], [1000.0, 8.388416109983133], [1000.0, 1.8022331201135289]]], "ni2_c": [[[999.9993873732282, 999.999387508906], [999.9993873732282, 8.346348314264208], [999.9993873732282, 1.3161162523312766]]], "pe160_p": [[[0.49228771056058873, 0.4903958658241395], [0.49228771056058873, 0.08720370945467412], [0.49228771056058873, 0.07440958048469239]]], "pe161_p": [[[0.5012152079023485, 0.4992091419750242], [0.5012152079023485, 0.09158452093431593], [0.5012152079023485, 0.07921453006800434]]], "phe__L_c": [[[3.31597252140863, 3.3235109258265254], [3.31597252140863, 1.5556612592554182], [3.31597252140863, 1.1578371641641854]]], "pheme_c": [[[0.47526451634553496, 0.4747496158558254], [0.47526451634553496, 0.12611058036403763], [0.47526451634553496, 0.08164967092584245]]], "pro__L_c": [[[4.633135567102601, 4.63110599824301], [4.633135567102601, 0.9686903440035924], [4.633135567102601, 0.707706327993758]]], "pydx5p_c": [[[2.3941982644128217, 2.4029520640147477], [2.3941982644128217, 0.6615692780981297], [2.3941982644128217, 0.4807228136763021]]], "ribflv_c": [[[1.0849525904093125, 1.0889194538454936], [1.0849525904093125, 0.29616478328781104], [1.0849525904093125, 0.23016954117305202]]], "ser__L_c": [[[8.512704940134638, 4.435715548845745], [8.512704940134638, 0.7897384609800286], [8.512704940134638, 0.23387592011054237]]], "sheme_c": [[[0.41531233869577855, 0.4049896801096947], [0.41531233869577855, 0.10921263923022516], [0.41531233869577855, 0.06848692027478546]]], "so4_c": [[[82.99887316630996, 83.30233821917717], [82.99887316630996, 7.859924167862591], [82.99887316630996, 1.363583257782843]]], "succoa_c": [[[1.1153322835482786, 1.1047363209985974], [1.1153322835482786, 0.29203512762549605], [1.1153322835482786, 0.2541435023317039]]],