{"biomass_reaction": [[[2.0690017052531604, 2.0694386070214428], [2.0690017052531604, 2.068919234399791], [2.0690017052531604, 2.0684515071027074]]], "10fthf_c": [[[1.1281293775624484, 1.0804284250016942], [1.1281293775624484, 0.22931369174156221], [1.1281293775624484, 0.2404657883256043]]], "2fe2s_c": [[[1.9046840556270201, 1.5547788026233569], [1.9046840556270201, 0.528440358793214], [1.9046840556270201, 0.37440690817370587]]], "2ohph_c": [[[0.2934209122115083, 0.2935069067991486], [0.2934209122115083, 0.059530593634557295], [0.2934209122115083, 0.05265565288855744]]], "4fe4s_c": [[[0.9327465128378893, 0.7655027132182247], [0.9327465128378893, 0.2562738199130091], [0.9327465128378893, 0.17204068638437345]]], "ala__L_c": [[[8.537663867527002, 8.531240071815452], [8.537663867527002, 1.4394426465419152], [8.537663867527002, 1.0946569300434497]]], "amet_c": [[[1.6585961211967173, 1.6475842912700691], [1.6585961211967173, 0.3319628850764448], [1.6585961211967173, 0.3472809192695529]]], "arg__L_c": [[[2.674342534631377, 2.674921513306991], [2.674342534631377, 0.5194058951238989], [2.674342534631377, 0.4381287853232146]]], "asn__L_c": [[[4.8647099186046905, 4.866069093323328], [4.8647099186046905, 1.1505260456382014], [4.8647099186046905, 0.7584502674288321]]], "asp__L_c": [[[8.153920197985034, 8.14808028877161], [8.153920197985034, 1.4167553374778397], [8.153920197985034, 0.9738068818247673]]], "atp_c": [[[2.2538820303130143, 2.2545425887385764], [2.2538820303130143, 0.29722748490273987], [2.2538820303130143, 0.28395994087021065]]], "btn_c": [[[0.6247085816039408, 0.6239059081149979], [0.6247085816039408, 0.13738415189362607], [0.6247085816039408, 0.1467924877590533]]], "ca2_c": [[[999.9903077615118, 999.9903057148454], [999.9903077615118, 4.916926475161294], [999.9903077615118, 1.1242848805255807]]], "cl_c": [[[999.9903077615118, 999.9903057148454], [999.9903077615118, 8.950470651083542], [999.9903077615118, 1.3613630193578932]]], "coa_c": [[[1.196040035916991, 1.1845284174959858], [1.196040035916991, 0.22669159938813896], [1.196040035916991, 0.22896764882413356]]], "cobalt2_c": [[[999.9999534474616, 999.9999534376313], [999.9999534474616, 8.194186459570226], [999.9999534474616, 1.166140290973892]]], "ctp_c": [[[2.064688333752705, 2.065242079918058], [2.064688333752705, 0.4837189230899315], [2.064688333752705, 0.3310459768005949]]], "cu2_c": [[[999.9986797700119, 999.9986794912248], [999.9986797700119, 8.19418651603574], [999.9986797700119, 1.1660677503448689]]], "cys__L_c": [[[3.19235778337479, 2.720862904590885], [3.19235778337479, 1.050084659621572], [3.19235778337479, 0.9320467457900039]]], "datp_c": [[[2.2076748816279004, 2.2083218978532146], [2.2076748816279004, 0.28396604749602544], [2.2076748816279004, 0.27516131327246146]]], "dctp_c": [[[2.0283239599683967, 2.0288679532659897], [2.0283239599683967, 0.45005093151898395], [2.0283239599683967, 0.32524358116685853]]], "dgtp_c": [[[2.1248848113195327, 2.125407356331653], [2.1248848113195327, 0.2926138798607043], [2.1248848113195327, 0.2819476804057114]]], "dttp_c": [[[2.433861581265652, 2.3966977068583826], [2.433861581265652, 0.4765515830285605], [2.433861581265652, 0.3303888260239513]]], "fad_c": [[[0.7002668157764497, 0.7004720470791723], [0.7002668157764497, 0.12958526149035865], [0.7002668157764497, 0.12703131304097598]]], "fe2_c": [[[1000.0, 1000.0], [1000.0, 8.194188602016638], [1000.0, 1.7426064880445258]]], "fe3_c": [[[25.96498820371072, 25.97073919418871], [25.96498820371072, 6.801051598895407], [25.96498820371072, 1.5442602929703697]]], "gln__L_c": [[[5.092743196039128, 5.094166082073119], [5.092743196039128, 0.9643228131013266], [5.092743196039128, 0.7767689779429466]]], "glu__L_c": [[[5.5695573954275455, 5.565364676245423], [5.5695573954275455, 1.122882205847183], [5.5695573954275455, 0.8858522524499589]]], "gly_c": [[[8.155144200160299, 5.990474500325884], [8.155144200160299, 1.0223148599732044], [8.155144200160299, 0.6683022012000795]]], "gtp_c": [[[2.1618750691568605, 2.1624067106972307], [2.1618750691568605, 0.3064037495115109], [2.1618750691568605, 0.28800374697441267]]], "h2o_c": [[[1000.0, 1000.0], [1000.0, 8.194377649387798], [1000.0, 2.7733454153008195]]], "his__L_c": [[[2.4720799191836376, 2.4397332967868843], [2.4720799191836376, 1.2082284091039304], [2.4720799191836376, 1.0907898358139345]]], "ile__L_c": [[[3.6331658382551972, 3.633240383607426], [3.6331658382551972, 0.8320780117810471], [3.6331658382551972, 0.8055706274956267]]], "k_c": [[[80.76410608622093, 80.78777609646521], [80.76410608622093, 7.250385900631667], [80.76410608622093, 1.2784780157213838]]], "kdo2lipid4_e": [[[0.2172909970471596, 0.2172657384609707], [0.2172909970471596, 0.040488304147544764], [0.2172909970471596, 0.043166011344302424]]], "leu__L_c": [[[3.7732735353733906, 3.7703736328590205], [3.7732735353733906, 0.7455562136241162], [3.7732735353733906, 0.6413601653847713]]], "lys__L_c": [[[3.7366074227185475, 3.7366737183381566], [3.7366074227185475, 0.7645213933966206], [3.7366074227185475, 0.7238902936623328]]], "met__L_c": [[[2.756053608412516, 2.552534463231311], [2.756053608412516, 1.1482917759799154], [2.756053608412516, 1.0406433074165282]]], "mg2_c": [[[999.9838462691863, 999.9838428580757], [999.9838462691863, 8.194877815751944], [999.9838462691863, 1.3212954985572367]]], "mlthf_c": [[[1.1193917145692944, 1.072522851160192], [1.1193917145692944, 0.21965102236993556], [1.1193917145692944, 0.23446625815007457]]], "mn2_c": [[[999.9987132878395, 999.9987130161303], [999.9987132878395, 8.194186491163988], [999.9987132878395, 1.2759354189106153]]], "mobd_c": [[[20.191026521555106, 20.196944024116274], [20.191026521555106, 6.765699733893416], [20.191026521555106, 1.165724775229941]]], "murein5px4p_p": [[[0.25623865137304824, 0.2563102431231652], [0.25623865137304824, 0.060098866058693336], [0.25623865137304824, 0.0634842068976978]]], "nad_c": [[[1.0755061898558882, 1.0757607487866812], [1.0755061898558882, 0.21729750904162703], [1.0755061898558882, 0.21434317217769322]]], "nadp_c": [[[1.0205867248419107, 1.0208282850188404], [1.0205867248419107, 0.2081488452481449], [1.0205867248419107, 0.20209799207014584]]], "nh4_c": [[[1000.0, 1000.0], [1000.0, 8.194467981552137], [1000.0, 1.5804516467366319]]], "ni2_c": [[[999.9993985412043, 999.9993984141969], [999.9993985412043, 8.194186516913804], [999.9993985412043, 1.277319337663043]]], "pe160_p": [[[0.4789370815350876, 0.4771606328700993], [0.4789370815350876, 0.07647711140541577], [0.4789370815350876, 0.07984334286271912]]], "pe161_p": [[[0.4876224690240572, 0.48573604860845965], [0.4876224690240572, 0.08011457798961971], [0.4876224690240572, 0.08363916051283632]]], "phe__L_c": [[[3.267287242016925, 3.2677980087722975], [3.267287242016925, 1.2993359076489122], [3.267287242016925, 1.0873310991865472]]], "pheme_c": [[[0.4597116566241503, 0.45984009767654954], [0.4597116566241503, 0.09271367607484542], [0.4597116566241503, 0.07970496528074077]]], "pro__L_c": [[[4.497795694769757, 4.494439280633471], [4.497795694769757, 0.7987618504743144], [4.497795694769757, 0.7192289794921392]]], "pydx5p_c": [[[2.32973382941014, 2.330416618167285], [2.32973382941014, 0.41928495359542706], [2.32973382941014, 0.34994808617685264]]], "ribflv_c": [[[1.0557399488394796, 1.056049360738131], [1.0557399488394796, 0.20030234828549603], [1.0557399488394796, 0.17468218201751762]]], "ser__L_c": [[[8.358300745138438, 4.367516723592658], [8.358300745138438, 0.6831447652981786], [8.358300745138438, 0.5252510477191104]]], "sheme_c": [[[0.3957133157086736, 0.39402918946723037], [0.3957133157086736, 0.08626786905694239], [0.3957133157086736, 0.07415165421680446]]], "so4_c": [[[80.76410608621883, 80.78777609646596], [80.76410608621883, 7.242236230582796], [80.76410608621883, 1.3040666728409036]]], "succoa_c": [[[1.0979729922356931, 1.0950524001583766], [1.0979729922356931, 0.21694654496737564], [1.0979729922356931, 0.2212127431628326]]],