{"biomass_reaction": [[[2.09434010868376, 2.0902199510582884], [2.09434010868376, 2.064321244135538], [2.09434010868376, 1.9967706948937587]]], "10fthf_c": [[[1.1364218261705825, 1.0790137598578409], [1.1364218261705825, 0.32012224341343265], [1.1364218261705825, 0.28227507025885]]], "2fe2s_c": [[[1.920312231041812, 1.5384283551763727], [1.920312231041812, 0.5367796338044866], [1.920312231041812, 0.36242409192172415]]], "2ohph_c": [[[0.2968672980933899, 0.3017899367479557], [0.2968672980933899, 0.07577026379569272], [0.2968672980933899, 0.049716166129560604]]], "4fe4s_c": [[[0.9403998168476502, 0.7574524929155849], [0.9403998168476502, 0.2593343727809615], [0.9403998168476502, 0.1641195523027784]]], "ala__L_c": [[[8.699789366596494, 8.700313572552428], [8.699789366596494, 1.7549991334413555], [8.699789366596494, 1.1645468146494065]]], "amet_c": [[[1.6563590052691117, 1.6419587294179727], [1.6563590052691117, 0.46104738614441665], [1.6563590052691117, 0.38940383609792656]]], "arg__L_c": [[[2.7129520919807, 2.742403104462766], [2.7129520919807, 0.6654769178554343], [2.7129520919807, 0.4691805863965325]]], "asn__L_c": [[[4.953899142744925, 5.012987847335201], [4.953899142744925, 1.5009394072099478], [4.953899142744925, 0.7971757844762438]]], "asp__L_c": [[[8.334384413808701, 8.311216776515291], [8.334384413808701, 1.666902937145752], [8.334384413808701, 0.8702134502183702]]], "atp_c": [[[2.2803550827964068, 2.318167816461596], [2.2803550827964068, 0.4082291237327889], [2.2803550827964068, 0.3233737593310894]]], "btn_c": [[[0.6213895346023155, 0.6245690232321444], [0.6213895346023155, 0.17752569678681482], [0.6213895346023155, 0.13826013748174085]]], "ca2_c": [[[999.9901890637609, 999.9902083646392], [999.9901890637609, 5.0863098376820375], [999.9901890637609, 1.135443305971684]]], "cl_c": [[[999.9901890637609, 999.9902083646393], [999.9901890637609, 10.08324589153305], [999.9901890637609, 1.3830563414167665]]], "coa_c": [[[1.1912182985694386, 1.177695351332604], [1.1912182985694386, 0.30576932008101076], [1.1912182985694386, 0.2664034966980243]]], "cobalt2_c": [[[999.9999528773476, 999.9999529700511], [999.9999528773476, 8.294539065991028], [999.9999528773476, 1.1813805425102415]]], "ctp_c": [[[2.086664399746473, 2.1191676256933847], [2.086664399746473, 0.6955545443563205], [2.086664399746473, 0.406568452950075]]], "cu2_c": [[[999.9986636015766, 999.9986662306492], [999.9986636015766, 8.294580131795525], [999.9986636015766, 1.1813259305345891]]], "cys__L_c": [[[3.2185514858306843, 2.692249621558703], [3.2185514858306843, 1.0973236615220487], [3.2185514858306843, 0.8757586943883784]]], "datp_c": [[[2.2336052063837224, 2.270642735941947], [2.2336052063837224, 0.3867958588891016], [2.2336052063837224, 0.30567808462306484]]], "dctp_c": [[[2.0499129719621987, 2.0818437340471565], [2.0499129719621987, 0.6134802279250084], [2.0499129719621987, 0.38313193261759704]]], "dgtp_c": [[[2.145513953095011, 2.1765901131201484], [2.145513953095011, 0.39979177466398685], [2.145513953095011, 0.3218089974364712]]], "dttp_c": [[[2.4216425332143263, 2.398954940091708], [2.4216425332143263, 0.7091261512896087], [2.4216425332143263, 0.37836168587559926]]], "fad_c": [[[0.7092783692662796, 0.7303299147557931], [0.7092783692662796, 0.1942237463527111], [0.7092783692662796, 0.17051245565320586]]], "fe2_c": [[[1000.0, 1000.0], [1000.0, 8.295193543009159], [1000.0, 1.684865603247319]]], "fe3_c": [[[26.192485655140963, 26.532795002801684], [26.192485655140963, 7.692816087150971], [26.192485655140963, 1.7134077952537214]]], "gln__L_c": [[[5.1861131650610055, 5.242396273643544], [5.1861131650610055, 1.3803664048575874], [5.1861131650610055, 0.881210148213004]]], "glu__L_c": [[[5.678470620245204, 5.676641840390536], [5.678470620245204, 1.4509404820569403], [5.678470620245204, 0.9015199904824283]]], "gly_c": [[[8.327336990344033, 6.031501222408332], [8.327336990344033, 1.1147864680041744], [8.327336990344033, 0.3453846825212604]]], "gtp_c": [[[2.1828633255860175, 2.2144804632518826], [2.1828633255860175, 0.4214682778655844], [2.1828633255860175, 0.33700075769085974]]], "h2o_c": [[[1000.0, 1000.0], [1000.0, 8.29453756505246], [1000.0, 2.5159214570674178]]], "his__L_c": [[[2.461116199228799, 2.439731219298045], [2.461116199228799, 1.3848347302143114], [2.461116199228799, 1.1098523786498888]]], "ile__L_c": [[[3.740128705400933, 3.7044120210229616], [3.740128705400933, 0.909238875071855], [3.740128705400933, 0.6930939971680695]]], "k_c": [[[81.71272380020537, 83.06768008987622], [81.71272380020537, 7.693089525694321], [81.71272380020537, 1.3291127179733342]]], "kdo2lipid4_e": [[[0.2206447787258769, 0.22296029279788773], [0.2206447787258769, 0.05049876424562106], [0.2206447787258769, 0.048768322459137856]]], "leu__L_c": [[[3.8209250059030895, 3.8240299587255566], [3.8209250059030895, 0.8986801322961405], [3.8209250059030895, 0.7483881158066573]]], "lys__L_c": [[[3.8086175814205596, 3.8240595766715875], [3.8086175814205596, 0.8617947090792081], [3.8086175814205596, 0.6727304277485829]]], "met__L_c": [[[2.7635627425878546, 2.530036337282518], [2.7635627425878546, 1.222952618989346], [2.7635627425878546, 0.8642589410701976]]], "mg2_c": [[[999.9836484396014, 999.9836806077321], [999.9836484396014, 8.477279374077547], [999.9836484396014, 1.3565332070457252]]], "mlthf_c": [[[1.1276199359506671, 1.0711185372247676], [1.1276199359506671, 0.29847302800234654], [1.1276199359506671, 0.2492778090489763]]], "mn2_c": [[[999.9986975298864, 999.9987000922124], [999.9986975298864, 8.294579051118413], [999.9986975298864, 1.2903986135456844]]], "mobd_c": [[[20.428180950050816, 20.766920022469876], [20.428180950050816, 7.647409240519762], [20.428180950050816, 1.2111638358568337]]], "murein5px4p_p": [[[0.26093651144960844, 0.2640488881851009], [0.26093651144960844, 0.07956623309827457], [0.26093651144960844, 0.07239152261393088]]], "nad_c": [[[1.0857047659959882, 1.100289005248913], [1.0857047659959882, 0.31321064110821295], [1.0857047659959882, 0.2623027467130004]]], "nadp_c": [[[1.0302645226259397, 1.0441040347681216], [1.0302645226259397, 0.29887108035179977], [1.0302645226259397, 0.24776723668581405]]], "nh4_c": [[[1000.0, 1000.0], [1000.0, 8.386426036933141], [1000.0, 1.8006102523747618]]], "ni2_c": [[[999.9993911753304, 999.9993923730602], [999.9993911753304, 8.294556957234184], [999.9993911753304, 1.311071934316056]]], "pe160_p": [[[0.48701110958046867, 0.48274123227276905], [0.48701110958046867, 0.08843334901246958], [0.48701110958046867, 0.0720760684373976]]], "pe161_p": [[[0.4958429172671607, 0.49141694119679524], [0.4958429172671607, 0.09287016833421191], [0.4958429172671607, 0.0773193156082156]]], "phe__L_c": [[[3.2864798217101203, 3.320470643020679], [3.2864798217101203, 1.586394435128372], [3.2864798217101203, 1.165884096882183]]], "pheme_c": [[[0.4681399754074882, 0.47372381632081734], [0.4681399754074882, 0.12910802436623947], [0.4681399754074882, 0.07936361902062566]]], "pro__L_c": [[[4.5843797804068505, 4.582986825174904], [4.5843797804068505, 0.9791309187631891], [4.5843797804068505, 0.6730872064343526]]], "pydx5p_c": [[[2.357097801929048, 2.3961830795156502], [2.357097801929048, 0.6853794483709256], [2.357097801929048, 0.49706179832964714]]], "ribflv_c": [[[1.0693259946236933, 1.1010638366253107], [1.0693259946236933, 0.3102848391567835], [1.0693259946236933, 0.24682717124092657]]], "ser__L_c": [[[8.380792184636304, 4.308215158863214], [8.380792184636304, 0.7314754380819595], [8.380792184636304, 0.20106325115888768]]], "sheme_c": [[[0.396233079065536, 0.3952964132264999], [0.396233079065536, 0.10484896292250669], [0.396233079065536, 0.06064991115502269]]], "so4_c": [[[81.71272380019894, 83.06768008987794], [81.71272380019894, 7.648420166419977], [81.71272380019894, 1.384176966201234]]], "succoa_c": [[[1.100003250691353, 1.0883349591664242], [1.100003250691353, 0.29433593849315787], [1.100003250691353, 0.26005078983187585]]],