{"biomass_reaction": [[[0.7939547757716068, 0.7764725941943144], [0.7939547757716068, 0.7190423397269967], [0.7939547757716068, 0.5692793728921672]]], "10fthf_c": [[[0.2622250947149749, 0.23784867592974945], [0.2622250947149749, 0.17987983411344566], [0.2622250947149749, 0.06149654056817003]]], "2fe2s_c": [[[0.6698859562466571, 0.4756973518595966], [0.6698859562466571, 0.08642816150991194], [0.6698859562466571, 0.009069204939691556]]], "2ohph_c": [[[0.1339771912493263, 0.1367130204503618], [0.1339771912493263, 0.04923777309719272], [0.1339771912493263, 0.011351217433986975]]], "4fe4s_c": [[[0.3280511472977701, 0.23442146157916752], [0.3280511472977701, 0.04145552733814225], [0.3280511472977701, 0.004433691006917844]]], "ala__L_c": [[[4.351506229533713, 4.384263484931239], [4.351506229533713, 1.3451277894798483], [4.351506229533713, 0.6589226270721186]]], "amet_c": [[[0.28268237160767923, 0.2392477857881472], [0.28268237160767923, 0.11439303435453414], [0.28268237160767923, 0.008712117087674878]]], "arg__L_c": [[[1.0090687189031646, 1.029674014784277], [1.0090687189031646, 0.4280509320573287], [1.0090687189031646, 0.3390389217533638]]], "asn__L_c": [[[1.9929107198337785, 2.0336061791990803], [1.9929107198337785, 0.8597278656982213], [1.9929107198337785, 0.4109142167458663]]], "asp__L_c": [[[3.3215178663896467, 3.389343631998548], [3.3215178663896467, 0.9120458346784142], [3.3215178663896467, 0.15414961825164294]]], "atp_c": [[[0.4634676092636725, 0.40469774710436557], [0.4634676092636725, 0.245756321731867], [0.4634676092636725, 0.06484820627006217]]], "btn_c": [[[0.14956178010009652, 0.1312003986580231], [0.14956178010009652, 0.05145547901541578], [0.14956178010009652, 0.0048491803457267274]]], "ca2_c": [[[999.9962807188529, 999.9963626141325], [999.9962807188529, 2.041833018159012], [999.9962807188529, 0.4494581883763996]]], "cl_c": [[[999.9962807188529, 999.9963626141325], [999.9962807188529, 4.083208632077561], [999.9962807188529, 0.579043656353333]]], "coa_c": [[[0.2303943028709453, 0.20134714645536178], [0.2303943028709453, 0.11815926373546336], [0.2303943028709453, 0.010729523241016706]]], "cobalt2_c": [[[999.9999821360176, 999.9999825293667], [999.9999821360176, 3.2011977969080823], [999.9999821360176, 0.47114214305356483]]], "ctp_c": [[[0.6276884156957048, 0.6405058832125147], [0.6276884156957048, 0.43698252273856947], [0.6276884156957048, 0.4178810320816018]]], "cu2_c": [[[999.9994933774576, 999.9995045328376], [999.9994933774576, 3.20130027712071], [999.9994933774576, 0.4540317968341634]]], "cys__L_c": [[[1.1227666027233052, 0.8386004862676206], [1.1227666027233052, 0.21304636772157887], [1.1227666027233052, 0.019113389927868835]]], "datp_c": [[[0.46078860574190517, 0.4026942929107348], [0.46078860574190517, 0.23367015406753636], [0.46078860574190517, 0.05624835758149578]]], "dctp_c": [[[0.62278459994805, 0.6355019309998046], [0.62278459994805, 0.39527894208739534], [0.62278459994805, 0.3752361129570931]]], "dgtp_c": [[[0.44784510558059776, 0.3929673776230548], [0.44784510558059776, 0.24290952243293945], [0.44784510558059776, 0.07814928727919415]]], "dttp_c": [[[0.5776552811112396, 0.5769095543826656], [0.5776552811112396, 0.2759634312605468], [0.5776552811112396, 0.06310068353897413]]], "fad_c": [[[0.18283584585630785, 0.16772009725354625], [0.18283584585630785, 0.12620864648418645], [0.18283584585630785, 0.041646617308173636]]], "fe2_c": [[[1000.0, 1000.0], [1000.0, 3.2024303518468162], [1000.0, 0.5166762016834414]]], "fe3_c": [[[9.964553599166761, 10.16803089599571], [9.964553599166761, 3.1033630446570553], [9.964553599166761, 0.9846939084656533]]], "gln__L_c": [[[2.154498075495828, 2.19849316670214], [2.154498075495828, 0.9975224295079675], [2.154498075495828, 0.7566411420382054]]], "glu__L_c": [[[2.7420450213500125, 2.762686579545651], [2.7420450213500125, 0.9951487860544932], [2.7420450213500125, 0.29240224894582745]]], "gly_c": [[[4.017510715423672, 2.3241213476563423], [4.017510715423672, 0.5683376321805621], [4.017510715423672, 0.03890003109240582]]], "gtp_c": [[[0.45037530391723574, 0.394874986252263], [0.45037530391723574, 0.2555706817681792], [0.45037530391723574, 0.08541992141153595]]], "h2o_c": [[[1000.0, 1000.0], [1000.0, 3.201194051286548], [1000.0, 0.2865121725806119]]], "his__L_c": [[[0.7892715722114529, 0.7821562227689525], [0.7892715722114529, 0.42750234249710706], [0.7892715722114529, 0.21143265376778272]]], "ile__L_c": [[[1.3511259117517465, 1.3787160536944785], [1.3511259117517465, 0.37281131026908954], [1.3511259117517465, 0.03844380411385353]]], "k_c": [[[39.85821439667509, 40.67212358398448], [39.85821439667509, 3.0592797835419945], [39.85821439667509, 0.6087848709204107]]], "kdo2lipid4_e": [[[0.11486517117197804, 0.11721073078957699], [0.11486517117197804, 0.03838690829980032], [0.11486517117197804, 0.035163438692451435]]], "leu__L_c": [[[1.7558709347241865, 1.769088774621257], [1.7558709347241865, 0.5711328859174136], [1.7558709347241865, 0.4909650509442185]]], "lys__L_c": [[[1.4235076570240461, 1.4525758422851596], [1.4235076570240461, 0.4533355442675616], [1.4235076570240461, 0.09123700587450141]]], "met__L_c": [[[0.6992669192399625, 0.5688408892865313], [0.6992669192399625, 0.1350673287539586], [0.6992669192399625, 0.010561430350873266]]], "mg2_c": [[[999.9938011980881, 999.9939376902208], [999.9938011980881, 3.9859044557844143], [999.9938011980881, 0.6033217959513513]]], "mlthf_c": [[[0.25966263450601956, 0.2357804265738104], [0.25966263450601956, 0.17320829685213268], [0.25966263450601956, 0.039357171004399026]]], "mn2_c": [[[999.999506239525, 999.9995171116936], [999.999506239525, 3.201297580274157], [999.999506239525, 0.5150661525887245]]], "mobd_c": [[[9.964553599169163, 10.168030895996417], [9.964553599169163, 3.0192980522979482], [9.964553599169163, 0.569516503732503]]], "murein5px4p_p": [[[0.11969433752756105, 0.12213850926119485], [0.11969433752756105, 0.06907082996129214], [0.11969433752756105, 0.06159363537464748]]], "nad_c": [[[0.27206972284421765, 0.25262188561486026], [0.27206972284421765, 0.1803984573612474], [0.27206972284421765, 0.061350843933391394]]], "nadp_c": [[[0.26309052407045913, 0.24501279267466053], [0.26309052407045913, 0.17192111924267742], [0.26309052407045913, 0.06840136774230335]]], "nh4_c": [[[992.2828203170405, 992.4527457845846], [992.2828203170405, 3.8435752247784603], [992.2828203170405, 1.5315423175916663]]], "ni2_c": [[[999.9997691973467, 999.9997742794169], [999.9997691973467, 3.2012424447201657], [999.9997691973467, 0.5267408750460889]]], "pe160_p": [[[0.24834899076743094, 0.2462467891414222], [0.24834899076743094, 0.06579879938050029], [0.24834899076743094, 0.025220375360131626]]], "pe161_p": [[[0.2527389981799794, 0.250529341996072], [0.2527389981799794, 0.0697748121653309], [0.2527389981799794, 0.030007308423937874]]], "phe__L_c": [[[0.9721515706506475, 0.9920030142435055], [0.9721515706506475, 0.48870862762052536], [0.9721515706506475, 0.3048677422405597]]], "pheme_c": [[[0.19490569387129597, 0.19888568989726035], [0.19490569387129597, 0.10572507137150178], [0.19490569387129597, 0.041859542430129675]]], "pro__L_c": [[[1.9443031413011795, 1.9840060284871717], [1.9443031413011795, 0.778992525673179], [1.9443031413011795, 0.1733507276981494]]], "pydx5p_c": [[[1.1388061256192592, 1.1620606738280725], [1.1388061256192592, 0.6570253093643953], [1.1388061256192592, 0.7198015388836762]]], "ribflv_c": [[[0.3089784061757723, 0.2926052056401912], [0.3089784061757723, 0.24555488320060828], [0.3089784061757723, 0.10001659881360729]]], "ser__L_c": [[[3.7960204187307367, 1.7307286631482934], [3.7960204187307367, 0.35986859474805943], [3.7960204187307367, 0.01883206329827074]]], "sheme_c": [[[0.1692493180325988, 0.17053301293075504], [0.1692493180325988, 0.07542436101469245], [0.1692493180325988, 0.013216991542528011]]], "so4_c": [[[39.8582143966717, 40.67212358398079], [39.8582143966717, 3.070917142769355], [39.8582143966717, 0.6310191366827582]]],