{"10fthf_c": [[1.2369208950031667, 1.1388752074473234]], "2fe2s_c": [[3.0159155061827287, 2.257510191354497]], "2ohph_c": [[0.4289215686274505, 0.42892156862745096]], "4fe4s_c": [[1.4844119090172971, 1.1179639379747888]], "ala__L_c": [[10.000000000000023, 10.000000000000023]], "amet_c": [[1.3156069446344603, 1.1616459726373796]], "arg__L_c": [[4.26530612244898, 4.26530612244898]], "asn__L_c": [[7.5, 7.5]], "asp__L_c": [[7.5, 7.5]], "atp_c": [[2.2108581819843325, 2.0000973987257096]], "btn_c": [[0.662493479394888, 0.6318407960199008]], "ca2_c": [[1000.0, 1000.0]], "cl_c": [[1000.0, 1000.0]], "coa_c": [[1.03126268777913, 0.976813024173656]], "cobalt2_c": [[1000.0, 1000.0]], "ctp_c": [[2.9335793357933584, 2.933579335793359]], "cu2_c": [[1000.0, 1000.0]], "cys__L_c": [[4.941634241245127, 4.032380272833202]], "datp_c": [[2.1970632187689234, 1.9810053473839826]], "dctp_c": [[2.8241563055062135, 2.8241563055062167]], "dgtp_c": [[2.1607051986001498, 1.9421553077003146]], "dttp_c": [[2.452830188679245, 2.4528301886792576]], "fad_c": [[0.8635619044164636, 0.8053799672311122]], "fe2_c": [[1000.0, 1000.0]], "fe3_c": [[48.62802214873069, 49.88019012920854]], "gln__L_c": [[5.7142857142857135, 5.714285714285726]], "glu__L_c": [[5.891472868217054, 5.891472868217054]], "gly_c": [[12.831792182163241, 9.910087111200246]], "gtp_c": [[2.1691852599032564, 1.9597719191716072]], "h2o_c": [[1000.0, 1000.0]], "his__L_c": [[3.6559131960314573, 3.7235302669772614]], "ile__L_c": [[3.7188612099644125, 3.7188612099644125]], "k_c": [[194.51208859492283, 199.52076051683417]], "kdo2lipid4_e": [[0.2763819095477386, 0.27638190954773817]], "leu__L_c": [[3.8502673796791447, 3.8502673796791442]], "lys__L_c": [[3.9733840304182513, 3.973384030418251]], "met__L_c": [[2.988505747126433, 2.702751030327343]], "mg2_c": [[1000.0, 1000.0]], "mlthf_c": [[1.223022907418863, 1.1272060542885531]], "mn2_c": [[1000.0, 1000.0]], "mobd_c": [[48.62802214873069, 49.88019012920856]], "murein5px4p_p": [[0.3597246127366608, 0.3597246127366609]], "nad_c": [[1.231216674745514, 1.1952941176470593]], "nadp_c": [[1.2164750957854353, 1.1803423566358577]], "nh4_c": [[1000.0, 1000.0]], "ni2_c": [[1000.0, 1000.0]], "pe160_p": [[0.5769230769230778, 0.5769230769230769]], "pe161_p": [[0.5882352941176471, 0.5882352941176471]], "phe__L_c": [[2.6935312831389178, 2.693531283138919]], "pheme_c": [[0.6620209059233448, 0.662020905923345]], "pro__L_c": [[5.066666666666666, 5.066666666666663]], "pydx5p_c": [[3.20855614973262, 3.2085561497326203]], "ribflv_c": [[1.378935939196526, 1.341077085533263]], "ser__L_c": [[10.0, 7.673997567708971]], "sheme_c": [[0.5991972477064224, 0.5991972477064219]], "so4_c": [[194.51208859492277, 199.52076051683417]], "succoa_c": [[0.9182776801406003, 0.8757187085360469]], "thf_c": [[1.2583703902922527, 1.162725997132094]], "thmpp_c": [[0.8276311502117955, 0.8005042546485975]], "thr__L_c": [[6.295180722891566, 6.295180722891566]], "trp__L_c": [[2.2280701754386034, 2.2280701754385963]], "tyr__L_c": [[2.7956989247311808, 2.7956989247311808]], "udcpdp_c": [[0.35268970431065205, 0.35268970431065194]], "utp_c": [[3.087378640776699, 3.087378640776699]], "val__L_c": [[4.999999999999999, 5.0]], "zn2_c": [[1000.0, 1000.0]], "adp_c": [[2.304045038969951, 2.075520237871282]], "h_c": [[1000.0, 1000.0]], "pi_c": [[194.51208859492277, 199.52076051683417]], "ppi_c": [[38.90241771898454, 39.904152103366826]], "biomass_reaction": [[[0.3969773878857952, 0.38823629709715546], [0.3969773878857952, 0.3595211698633955], [0.3969773878857952, 0.2848467330851454]]]}