{"10fthf_c": [[1.276874672260097, 1.1718211743002653]], "2fe2s_c": [[3.2228120579068795, 2.325322419577421]], "2ohph_c": [[0.42997020008514264, 0.4299702000851427]], "4fe4s_c": [[1.5862449029073205, 1.1469712072330407]], "ala__L_c": [[10.0, 9.999999999999993]], "amet_c": [[1.378337424288274, 1.174637624314792]], "arg__L_c": [[4.279999999999999, 4.2799999999999985]], "asn__L_c": [[7.5, 7.5]], "asp__L_c": [[7.5, 7.499999999999999]], "atp_c": [[2.283683559364352, 2.0054788707813636]], "btn_c": [[0.6726519337016575, 0.6345095500161878]], "ca2_c": [[1000.0, 1000.0]], "cl_c": [[1000.0, 1000.0]], "coa_c": [[1.0401537804357155, 0.9768130241736571]], "cobalt2_c": [[1000.0, 1000.0]], "ctp_c": [[2.962287104622868, 2.9622871046228743]], "cu2_c": [[1000.0, 1000.0]], "cys__L_c": [[5.062370062370062, 4.064989374429329]], "datp_c": [[2.273182322239358, 1.9825833760267013]], "dctp_c": [[2.840579710144929, 2.8405797101449277]], "dgtp_c": [[2.2152118560726377, 1.9421553077002969]], "dttp_c": [[2.4717765894236483, 2.4557260920897286]], "fad_c": [[0.9000160602140317, 0.8258283667386772]], "fe2_c": [[1000.0, 1000.0]], "fe3_c": [[48.62802214873085, 49.880190129208614]], "gln__L_c": [[5.782178217821783, 5.782178217821808]], "glu__L_c": [[5.971370143149285, 5.971370143149285]], "gly_c": [[13.424430944506872, 10.475058862612686]], "gtp_c": [[2.219760474003436, 1.962287533052066]], "h2o_c": [[1000.0, 1000.0]], "his__L_c": [[3.8371950508863915, 3.8290236876052055]], "ile__L_c": [[3.7412587412587404, 3.7412587412587426]], "k_c": [[194.51208859492337, 199.52076051683446]], "kdo2lipid4_e": [[0.2763819095477392, 0.2763819095477387]], "leu__L_c": [[3.8502673796791447, 3.850267379679143]], "lys__L_c": [[3.9925373134328357, 3.9925373134328357]], "met__L_c": [[3.05439330543933, 2.7459662735820554]], "mg2_c": [[1000.0, 1000.0]], "mlthf_c": [[1.250000000000005, 1.1610405501709415]], "mn2_c": [[1000.0, 1000.0]], "mobd_c": [[48.628022148730814, 49.880190129208614]], "murein5px4p_p": [[0.36026936026936024, 0.3602693602693602]], "nad_c": [[1.251284686536482, 1.206153846153844]], "nadp_c": [[1.235413495687474, 1.191489361702129]], "nh4_c": [[1000.0, 1000.0]], "ni2_c": [[1000.0, 1000.0]], "pe160_p": [[0.5769230769230768, 0.576923076923077]], "pe161_p": [[0.588235294117647, 0.5882352941176471]], "phe__L_c": [[2.772020725388602, 2.772020725388602]], "pheme_c": [[0.6663424124513626, 0.6663424124513626]], "pro__L_c": [[5.074074074074074, 5.074074074074078]], "pydx5p_c": [[3.2496413199426044, 3.2496413199426115]], "ribflv_c": [[1.409143518518519, 1.3641456582633058]], "ser__L_c": [[10.0, 7.736022181741004]], "sheme_c": [[0.6031567080045092, 0.6031567080045096]], "so4_c": [[194.51208859492334, 199.52076051683446]], "succoa_c": [[0.9251519756838904, 0.875718708536046]], "thf_c": [[1.3066746929254167, 1.2019198999893683]], "thmpp_c": [[0.8481365377917103, 0.8157453936348409]], "thr__L_c": [[6.424802110817938, 6.424802110817928]], "trp__L_c": [[2.286384976525815, 2.2863849765258215]], "tyr__L_c": [[2.876344086021506, 2.876344086021505]], "udcpdp_c": [[0.352689704310652, 0.3526897043106519]], "utp_c": [[3.1338481338481308, 3.1338481338481365]], "val__L_c": [[5.0, 5.0]], "zn2_c": [[1000.0, 1000.0]], "adp_c": [[2.391702080106549, 2.0848546578747404]], "h_c": [[1000.0, 1000.0]], "pi_c": [[194.51208859492334, 199.52076051683446]], "ppi_c": [[38.9024177189847, 39.90415210336689]], "biomass_reaction": [[[0.3969773878857963, 0.3882362970971549], [0.3969773878857963, 0.3593171226312291], [0.3969773878857963, 0.2836477092490858]]]}