{"10fthf_c": [[2.5603217158176923, 2.361347345437699]], "2fe2s_c": [[6.544610628141631, 4.722694690875421]], "2ohph_c": [[0.8567079799956513, 0.8567079799956513]], "4fe4s_c": [[3.22121025485586, 2.3273221675495646]], "ala__L_c": [[20.0, 20.0]], "amet_c": [[2.804442035447953, 2.349501322683283]], "arg__L_c": [[8.53174603174603, 8.531746031746032]], "asn__L_c": [[14.999999999999984, 15.0]], "asp__L_c": [[14.999999999999996, 14.999999999999995]], "atp_c": [[4.601089480235595, 4.002244518149354]], "btn_c": [[1.3479181369089626, 1.267288517208103]], "ca2_c": [[1000.0, 1000.0]], "cl_c": [[1000.0, 1000.0]], "coa_c": [[2.080610021786493, 1.943759250123331]], "cobalt2_c": [[1000.0, 1000.0]], "ctp_c": [[5.931677018633543, 5.931677018633539]], "cu2_c": [[1000.0, 1000.0]], "cys__L_c": [[10.159574468085097, 8.113133505372002]], "datp_c": [[4.574493587286214, 3.9401407239022177]], "dctp_c": [[5.677233429394822, 5.677233429394813]], "dgtp_c": [[4.4459965764074045, 3.8581006525547963]], "dttp_c": [[4.94664155681105, 4.894409937888199]], "fad_c": [[1.8128812281001643, 1.6651150353395872]], "fe2_c": [[1000.0, 1000.0]], "fe3_c": [[96.65575240007996, 99.14704494456876]], "gln__L_c": [[11.572580645161294, 11.572580645161292]], "glu__L_c": [[11.958333333333332, 11.958333333333332]], "gly_c": [[27.097044900008566, 21.27862023118763]], "gtp_c": [[4.454923331966867, 3.9176256340513484]], "h2o_c": [[1000.0, 1000.0]], "his__L_c": [[7.773929957774818, 7.703196471449289]], "ile__L_c": [[7.465277777777776, 7.465277777777779]], "k_c": [[386.62300960031985, 396.58817977827505]], "kdo2lipid4_e": [[0.5506700167504188, 0.5506700167504178]], "leu__L_c": [[7.673796791443852, 7.67379679144385]], "lys__L_c": [[7.962962962962963, 7.962962962962961]], "met__L_c": [[6.138673042438732, 5.5112539555442455]], "mg2_c": [[1000.0, 1000.0]], "mlthf_c": [[2.5065616797900185, 2.3408138902599953]], "mn2_c": [[1000.0, 1000.0]], "mobd_c": [[96.65575240007996, 99.14704494456876]], "murein5px4p_p": [[0.7176234979973296, 0.7176234979973298]], "nad_c": [[2.5098554533508546, 2.412737293325172]], "nadp_c": [[2.477302204928662, 2.3835450695704763]], "nh4_c": [[1000.0, 1000.0]], "ni2_c": [[1000.0, 1000.0]], "pe160_p": [[1.1538461538461537, 1.153846153846154]], "pe161_p": [[1.1764705882352937, 1.1764705882352942]], "phe__L_c": [[5.569948186528491, 5.5699481865285]], "pheme_c": [[1.3309716599190284, 1.330971659919029]], "pro__L_c": [[10.115384615384619, 10.115384615384626]], "pydx5p_c": [[6.507352941176471, 6.507352941176472]], "ribflv_c": [[2.8254437869822486, 2.736389684813754]], "ser__L_c": [[20.0, 15.622810799600646]], "sheme_c": [[1.2038073908174722, 1.2038073908174691]], "so4_c": [[386.62300960031996, 396.58817977827505]], "succoa_c": [[1.8507751937984465, 1.742591773551526]], "thf_c": [[2.6236263736263634, 2.4251675439630587]], "thmpp_c": [[1.7023172905525845, 1.6380789022298456]], "thr__L_c": [[12.905405405405405, 12.905405405405405]], "trp__L_c": [[4.591346153846153, 4.59134615384614]], "tyr__L_c": [[5.779569892473119, 5.779569892473118]], "udcpdp_c": [[0.7018168863555396, 0.7018168863555396]], "utp_c": [[6.282894736842102, 6.282894736842105]], "val__L_c": [[10.000000000000023, 9.999999999999998]], "zn2_c": [[1000.0, 1000.0]], "adp_c": [[4.825532869515356, 4.157577234438961]], "h_c": [[1000.0, 1000.0]], "pi_c": [[386.6230096003198, 396.58817977827505]], "ppi_c": [[77.32460192006401, 79.31763595565502]], "biomass_reaction": [[[0.7882011371602194, 0.7708773201863495], [0.7882011371602194, 0.7138315772308971], [0.7882011371602194, 0.5642380163573125]]]}