{"10fthf_c": [[0.8698369302403242, 0.8040369213097631]], "2fe2s_c": [[2.1434907221272055, 1.6480588852600273]], "2ohph_c": [[0.3024193548387081, 0.3024193548387097]], "4fe4s_c": [[1.0547335299356093, 0.8140479285200944]], "ala__L_c": [[7.123893805309734, 7.123893805309733]], "amet_c": [[0.9430832830216053, 0.8204040851023298]], "arg__L_c": [[3.1578947368421053, 3.1578947368421053]], "asn__L_c": [[5.970149253731344, 5.970149253731342]], "asp__L_c": [[6.25, 6.2500000000000036]], "atp_c": [[1.4592719913565868, 1.3808085886304722]], "btn_c": [[0.4727511490479317, 0.4441030378033264]], "ca2_c": [[1000.0, 1000.0]], "cl_c": [[1000.0, 1000.0]], "coa_c": [[0.7333333333333343, 0.6889290714641367]], "cobalt2_c": [[1000.0, 1000.0]], "ctp_c": [[2.0896946564885486, 2.0896946564885486]], "cu2_c": [[1000.0, 1000.0]], "cys__L_c": [[3.529411764705887, 2.8659449372908004]], "datp_c": [[1.463580865346817, 1.3547008632151916]], "dctp_c": [[2.009174311926602, 2.0091743119266057]], "dgtp_c": [[1.3936252663471018, 1.335067517371491]], "dttp_c": [[1.7420814479638023, 1.7370892018779343]], "fad_c": [[0.5772154290832252, 0.562194952825136]], "fe2_c": [[1000.0, 1000.0]], "fe3_c": [[30.979128316507445, 31.435858138477904]], "gln__L_c": [[4.647887323943661, 4.647887323943662]], "glu__L_c": [[4.925373134328358, 4.925373134328359]], "gly_c": [[9.287351032161943, 7.87169667690149]], "gtp_c": [[1.3897179057872526, 1.351821250841525]], "h2o_c": [[1000.0, 1000.0]], "his__L_c": [[2.4249245013136886, 2.4568522460798228]], "ile__L_c": [[2.702127659574468, 2.7021276595744683]], "k_c": [[123.91651326602981, 125.74343255391176]], "kdo2lipid4_e": [[0.19090909090909092, 0.19090909090909106]], "leu__L_c": [[2.888888888888889, 2.888888888888889]], "lys__L_c": [[2.888888888888889, 2.888888888888886]], "met__L_c": [[2.1726190476190474, 1.971980461438625]], "mg2_c": [[1000.0, 1000.0]], "mlthf_c": [[0.8698369302403197, 0.7951141934530572]], "mn2_c": [[1000.0, 1000.0]], "mobd_c": [[30.97912831650745, 31.43585813847794]], "murein5px4p_p": [[0.25380710659898476, 0.2538071065989846]], "nad_c": [[0.8725099601593631, 0.8447832371181309]], "nadp_c": [[0.8557485416798558, 0.8244433517942631]], "nh4_c": [[1000.0, 1000.0]], "ni2_c": [[1000.0, 1000.0]], "pe160_p": [[0.40738866396761164, 0.40411646586345373]], "pe161_p": [[0.41469194312796204, 0.41239754098360654]], "phe__L_c": [[1.9020866773675769, 1.9020866773675769]], "pheme_c": [[0.5142857142857142, 0.5142857142857143]], "pro__L_c": [[3.829787234042553, 3.8297872340425534]], "pydx5p_c": [[2.300970873786408, 2.3009708737864063]], "ribflv_c": [[0.9462575785738668, 0.9391708114765687]], "ser__L_c": [[7.314814814814816, 5.659814966036618]], "sheme_c": [[0.44591246903385684, 0.4452466907340554]], "so4_c": [[123.91651326602981, 125.74343255391182]], "succoa_c": [[0.6569343065693438, 0.6281833616298798]], "thf_c": [[0.8855885044297853, 0.8297582606746697]], "thmpp_c": [[0.5875061973227563, 0.5745967741935483]], "thr__L_c": [[4.736842105263156, 4.736842105263158]], "trp__L_c": [[1.553191489361702, 1.5531914893617065]], "tyr__L_c": [[1.9684385382059786, 1.9684385382059795]], "udcpdp_c": [[0.24840312278211496, 0.24840312278211493]], "utp_c": [[2.2032193158953794, 2.2032193158953794]], "val__L_c": [[3.577777777777778, 3.577777777777778]], "zn2_c": [[1000.0, 1000.0]], "adp_c": [[1.5314090207954212, 1.429795146098506]], "h_c": [[1000.0, 1000.0]], "pi_c": [[123.91651326602978, 125.74343255391175]], "ppi_c": [[24.783302653205954, 25.148686510782348]], "biomass_reaction": [[[0.2707596457944803, 0.27178760979262373], [0.2707596457944803, 0.2531802757917693], [0.2707596457944803, 0.19756858212842476]]]}