{"10fthf_c": [[6.747023809523807, 6.747023809523809]], "2fe2s_c": [[15.267935658229135, 12.250377324582427]], "2ohph_c": [[1.9395465994962213, 1.9395465994962213]], "4fe4s_c": [[7.516119269145384, 6.055496250204462]], "ala__L_c": [[43.000000000000014, 42.999999999999986]], "amet_c": [[7.733695652173914, 7.705570291777187]], "arg__L_c": [[18.76984126984127, 18.769841269841304]], "asn__L_c": [[34.810606060606155, 34.810606060606155]], "asp__L_c": [[38.91609977324256, 38.916099773242664]], "atp_c": [[13.034653465346533, 13.004807692307693]], "btn_c": [[3.445234708392599, 3.4344146685472494]], "ca2_c": [[1000.0, 1000.0]], "cl_c": [[1000.0, 1000.0]], "coa_c": [[5.830146231721035, 5.794247787610622]], "cobalt2_c": [[1000.0, 1000.0]], "ctp_c": [[14.504000000000005, 14.504000000000001]], "cu2_c": [[1000.0, 1000.0]], "cys__L_c": [[22.200980392156776, 20.428571428571427]], "datp_c": [[12.507996953541507, 12.465437788018454]], "dctp_c": [[13.86194690265487, 13.861946902654868]], "dgtp_c": [[12.794871794871796, 12.766169154228855]], "dttp_c": [[12.827121332275972, 12.8]], "fad_c": [[4.517358958462489, 4.5173589584625]], "fe2_c": [[1000.0, 1000.0]], "fe3_c": [[233.19365971005817, 233.1936597100559]], "gln__L_c": [[25.473684210526308, 25.473684210526326]], "glu__L_c": [[26.26172839506173, 26.261728395061724]], "gly_c": [[60.81159420289852, 53.89537395300835]], "gtp_c": [[13.271276595744705, 13.256830601092872]], "h2o_c": [[1000.0, 1000.0]], "his__L_c": [[18.456118665018533, 18.40151515151515]], "ile__L_c": [[17.625, 17.625]], "k_c": [[919.0981565214234, 919.0981565214146]], "kdo2lipid4_e": [[1.1903846153846152, 1.190384615384615]], "leu__L_c": [[18.586021505376344, 18.58602150537634]], "lys__L_c": [[18.17777777777778, 18.17777777777776]], "met__L_c": [[14.555555555555557, 13.978609625668447]], "mg2_c": [[1000.0, 1000.0]], "mlthf_c": [[6.608213096559383, 6.60821309655938]], "mn2_c": [[1000.0, 1000.0]], "mobd_c": [[229.77453913035586, 229.77453913035367]], "murein5px4p_p": [[1.5572246065808266, 1.5572246065808297]], "nad_c": [[6.4136622390891755, 6.413662239089195]], "nadp_c": [[6.323666978484557, 6.323666978484564]], "nh4_c": [[1000.0, 1000.0]], "ni2_c": [[1000.0, 1000.0]], "pe160_p": [[2.48076923076923, 2.480769230769231]], "pe161_p": [[2.5294117647058827, 2.5294117647058827]], "phe__L_c": [[13.294022617124398, 13.294022617124394]], "pheme_c": [[2.925968992248062, 2.925968992248063]], "pro__L_c": [[22.150943396226413, 22.150943396226467]], "pydx5p_c": [[14.040816326530612, 14.040816326530624]], "ribflv_c": [[6.837254901960782, 6.837254901960785]], "ser__L_c": [[45.2283950617284, 36.765625]], "sheme_c": [[2.6287964004499433, 2.6287964004499442]], "so4_c": [[919.0981565214234, 919.0981565214145]], "succoa_c": [[5.143559488692232, 5.12209302325581]], "thf_c": [[6.920731707317073, 6.920731707317083]], "thmpp_c": [[4.268412438625209, 4.260731319554849]], "thr__L_c": [[28.77777777777778, 28.77777777777778]], "trp__L_c": [[10.965744400527027, 10.96574440052701]], "tyr__L_c": [[13.725752508361204, 13.725752508361147]], "udcpdp_c": [[1.5053437833986463, 1.5053437833986463]], "utp_c": [[15.260606060606062, 15.260606060606062]], "val__L_c": [[22.499999999999996, 22.5]], "zn2_c": [[1000.0, 1000.0]], "adp_c": [[13.297975708502017, 13.25980392156863]], "h_c": [[1000.0, 1000.0]], "pi_c": [[919.0981565214233, 919.0981565214146]], "ppi_c": [[165.93916733160273, 165.93916733160256]], "biomass_reaction": [[[2.3853297891089476, 2.385329789108927], [2.3853297891089476, 2.385329789109027], [2.3853297891089476, 2.3853297891089804]]]}