{"10fthf_c": [[6.50892857142857, 6.508928571428571]], "2fe2s_c": [[15.014940395247336, 12.064674919273724]], "2ohph_c": [[1.8671775223499358, 1.867177522349936]], "4fe4s_c": [[7.391574431279556, 5.963701508768679]], "ala__L_c": [[40.99999999999999, 41.0]], "amet_c": [[7.535714285714286, 7.520547945205479]], "arg__L_c": [[17.976190476190474, 17.976190476190474]], "asn__L_c": [[33.401515151515156, 33.401515151515156]], "asp__L_c": [[37.650793650793645, 37.65079365079367]], "atp_c": [[12.664921465968597, 12.634408602150536]], "btn_c": [[3.3371266002844977, 3.331902718168813]], "ca2_c": [[1000.0, 1000.0]], "cl_c": [[1000.0, 1000.0]], "coa_c": [[5.662100456621006, 5.652654867256641]], "cobalt2_c": [[1000.0, 1000.0]], "ctp_c": [[13.987999999999996, 13.988]], "cu2_c": [[1000.0, 1000.0]], "cys__L_c": [[21.46534653465355, 19.89075630252101]], "datp_c": [[12.195294117647059, 12.17050691244241]], "dctp_c": [[13.405309734513278, 13.405309734513274]], "dgtp_c": [[12.420494699646646, 12.389473684210511]], "dttp_c": [[12.481662591687044, 12.48166259168704]], "fad_c": [[4.357408555486664, 4.35740855548667]], "fe2_c": [[1000.0, 1000.0]], "fe3_c": [[224.1522643691101, 224.15226436911286]], "gln__L_c": [[24.18045112781955, 24.180451127819584]], "glu__L_c": [[24.930232558139537, 24.930232558139537]], "gly_c": [[57.94202898550725, 52.09526314294282]], "gtp_c": [[12.88829787234038, 12.863387978142052]], "h2o_c": [[1000.0, 1000.0]], "his__L_c": [[17.92987012987013, 17.914948453608226]], "ile__L_c": [[16.53169014084507, 16.53169014084507]], "k_c": [[882.9476280088854, 882.9476280088955]], "kdo2lipid4_e": [[1.1387362637362692, 1.1387362637362641]], "leu__L_c": [[17.784722222222214, 17.78472222222222]], "lys__L_c": [[17.473684210526315, 17.473684210526315]], "met__L_c": [[14.134502923976603, 13.630434782608694]], "mg2_c": [[1000.0, 1000.0]], "mlthf_c": [[6.376093294460638, 6.3760932944606346]], "mn2_c": [[1000.0, 1000.0]], "mobd_c": [[220.73690700222127, 220.73690700222383]], "murein5px4p_p": [[1.491404011461318, 1.4914040114613134]], "nad_c": [[6.168880455407977, 6.168880455407964]], "nadp_c": [[6.0823199251637075, 6.0823199251637075]], "nh4_c": [[1000.0, 1000.0]], "ni2_c": [[1000.0, 1000.0]], "pe160_p": [[2.365384615384614, 2.365384615384616]], "pe161_p": [[2.411764705882355, 2.411764705882353]], "phe__L_c": [[12.834196891191713, 12.834196891191722]], "pheme_c": [[2.7925101214574894, 2.79251012145749]], "pro__L_c": [[21.207547169811306, 21.207547169811296]], "pydx5p_c": [[13.432203389830507, 13.432203389830507]], "ribflv_c": [[6.567510548523206, 6.5675105485232095]], "ser__L_c": [[43.76785714285714, 35.765625]], "sheme_c": [[2.516310461192351, 2.516310461192351]], "so4_c": [[882.9476280088853, 882.9476280088953]], "succoa_c": [[4.991379310344827, 4.991379310344832]], "thf_c": [[6.628048780487805, 6.628048780487813]], "thmpp_c": [[4.13747954173486, 4.133545310015898]], "thr__L_c": [[26.73125, 26.73125]], "trp__L_c": [[10.589310829817162, 10.589310829817158]], "tyr__L_c": [[13.264214046822753, 13.264214046822753]], "udcpdp_c": [[1.4440684004275026, 1.4440684004275026]], "utp_c": [[14.715151515151517, 14.715151515151515]], "val__L_c": [[21.5, 21.5]], "zn2_c": [[1000.0, 1000.0]], "adp_c": [[12.935828877005344, 12.912087912087909]], "h_c": [[1000.0, 1000.0]], "pi_c": [[882.9476280088853, 882.9476280088953]], "ppi_c": [[161.69191947913703, 161.69191947913774]], "biomass_reaction": [[[2.294541037534666, 2.2945410375346835], [2.294541037534666, 2.2945410375346724], [2.294541037534666, 2.2945410375347075]]]}