{"10fthf_c": [[6.3303571428571415, 6.330357142857141]], "2fe2s_c": [[14.428818907833513, 11.63445275332011]], "2ohph_c": [[1.816091954022988, 1.8160919540229885]], "4fe4s_c": [[7.10303778138631, 5.751037960237878]], "ala__L_c": [[39.666666666666664, 39.66666666666667]], "amet_c": [[7.331521739130435, 7.310810810810777]], "arg__L_c": [[17.43650793650793, 17.43650793650793]], "asn__L_c": [[32.47727272727273, 32.47727272727272]], "asp__L_c": [[36.60317460317458, 36.60317460317459]], "atp_c": [[12.308900523560201, 12.268817204301065]], "btn_c": [[3.234708392603129, 3.224320457796852]], "ca2_c": [[1000.0, 1000.0]], "cl_c": [[1000.0, 1000.0]], "coa_c": [[5.49718785151856, 5.466814159292031]], "cobalt2_c": [[1000.0, 1000.0]], "ctp_c": [[13.663999999999975, 13.664000000000001]], "cu2_c": [[1000.0, 1000.0]], "cys__L_c": [[20.74999999999993, 19.18487394957983]], "datp_c": [[11.828235294117617, 11.783410138248854]], "dctp_c": [[13.071038251366119, 13.07103825136609]], "dgtp_c": [[12.076923076923078, 12.03157894736842]], "dttp_c": [[12.121718377088305, 12.095238095238095]], "fad_c": [[4.2569745815251085, 4.25697458152511]], "fe2_c": [[1000.0, 1000.0]], "fe3_c": [[217.70544007426176, 217.70544007425784]], "gln__L_c": [[23.609022556390975, 23.609022556390965]], "glu__L_c": [[24.341085271317837, 24.341085271317827]], "gly_c": [[56.81159420289855, 51.12725317871449]], "gtp_c": [[12.526595744680849, 12.49180327868852]], "h2o_c": [[1000.0, 1000.0]], "his__L_c": [[17.337662337662334, 17.280303030303028]], "ile__L_c": [[16.066901408450704, 16.066901408450704]], "k_c": [[859.1409942094366, 859.1409942094223]], "kdo2lipid4_e": [[1.1040372670807466, 1.1040372670807457]], "leu__L_c": [[17.338709677419367, 17.338709677419345]], "lys__L_c": [[16.97037037037037, 16.970370370370354]], "met__L_c": [[13.690058479532164, 13.187165775401068]], "mg2_c": [[1000.0, 1000.0]], "mlthf_c": [[6.199778024417314, 6.199778024417315]], "mn2_c": [[1000.0, 1000.0]], "mobd_c": [[214.78524855235912, 214.78524855235554]], "murein5px4p_p": [[1.4472954230235788, 1.44729542302358]], "nad_c": [[6.015180265654652, 6.0151802656546485]], "nadp_c": [[5.9307764265668865, 5.930776426566882]], "nh4_c": [[1000.0, 1000.0]], "ni2_c": [[1000.0, 1000.0]], "pe160_p": [[2.2884615384615334, 2.288461538461549]], "pe161_p": [[2.3333333333333375, 2.3333333333333313]], "phe__L_c": [[12.518578352180942, 12.518578352180931]], "pheme_c": [[2.7120155038759695, 2.7120155038759686]], "pro__L_c": [[20.555555555555554, 20.555555555555546]], "pydx5p_c": [[13.06122448979592, 13.061224489795917]], "ribflv_c": [[6.396624472573841, 6.39662447257384]], "ser__L_c": [[42.265432098765416, 34.453125]], "sheme_c": [[2.4398200224971864, 2.4398200224971864]], "so4_c": [[859.1409942094366, 859.1409942094222]], "succoa_c": [[4.850536193029491, 4.834104428288168]], "thf_c": [[6.49390243902439, 6.493902439024385]], "thmpp_c": [[4.025704809286901, 4.024959742351039]], "thr__L_c": [[26.006250000000005, 26.00625]], "trp__L_c": [[10.333333333333345, 10.333333333333325]], "tyr__L_c": [[12.923076923076962, 12.923076923076922]], "udcpdp_c": [[1.4020306376914855, 1.4020306376914853]], "utp_c": [[14.363636363636365, 14.36363636363636]], "val__L_c": [[20.833333333333332, 20.833333333333325]], "zn2_c": [[1000.0, 1000.0]], "adp_c": [[12.570707070707071, 12.533678756476693]], "h_c": [[1000.0, 1000.0]], "pi_c": [[859.1409942094365, 859.1409942094225]], "ppi_c": [[159.64845150094658, 159.6484515009439]], "biomass_reaction": [[[2.236578187371642, 2.2365781873716033], [2.236578187371642, 2.2365781873716246], [2.236578187371642, 2.236578187371627]]]}