{"10fthf_c": [[5.999999999999995, 5.965217391304342]], "2fe2s_c": [[13.64053214597457, 10.52386886418086]], "2ohph_c": [[1.7338551859099836, 1.7338551859099807]], "4fe4s_c": [[6.714978946646144, 5.202064128817593]], "ala__L_c": [[37.666666666666664, 37.666666666666664]], "amet_c": [[7.027173913043479, 6.922619047619064]], "arg__L_c": [[16.61111111111111, 16.611111111111107]], "asn__L_c": [[30.98484848484848, 30.984848484848488]], "asp__L_c": [[34.73922902494335, 34.73922902494332]], "atp_c": [[11.764397905759187, 11.637614678899057]], "btn_c": [[3.0810810810810807, 3.0504318751741457]], "ca2_c": [[1000.0, 1000.0]], "cl_c": [[1000.0, 1000.0]], "coa_c": [[5.249718785151856, 5.175324675324679]], "cobalt2_c": [[1000.0, 1000.0]], "ctp_c": [[13.117647058823527, 13.117647058823522]], "cu2_c": [[1000.0, 1000.0]], "cys__L_c": [[19.67156862745093, 17.773109243697483]], "datp_c": [[11.291764705882363, 11.173076923076943]], "dctp_c": [[12.53551912568306, 12.53551912568306]], "dgtp_c": [[11.543589743589749, 11.435703479576452]], "dttp_c": [[11.577565632458235, 11.523809523809524]], "fad_c": [[4.089584624922504, 4.089584624922505]], "fe2_c": [[1000.0, 1000.0]], "fe3_c": [[208.09666657309702, 208.09666657309805]], "gln__L_c": [[22.285714285714285, 22.285714285714278]], "glu__L_c": [[22.976744186046513, 22.97674418604651]], "gly_c": [[52.81159420289856, 45.95210029764044]], "gtp_c": [[11.973404255319158, 11.882352941176505]], "h2o_c": [[1000.0, 1000.0]], "his__L_c": [[16.464935064935084, 16.371212121212128]], "ile__L_c": [[15.347222222222223, 15.347222222222221]], "k_c": [[820.5636360233838, 820.5636360233867]], "kdo2lipid4_e": [[1.0502070393374736, 1.0502070393374783]], "leu__L_c": [[16.47222222222222, 16.47222222222223]], "lys__L_c": [[16.2, 16.199999999999985]], "met__L_c": [[13.035087719298245, 12.288770053475936]], "mg2_c": [[1000.0, 1000.0]], "mlthf_c": [[5.873563218390805, 5.827267789244975]], "mn2_c": [[1000.0, 1000.0]], "mobd_c": [[205.1409090058458, 205.14090900584668]], "murein5px4p_p": [[1.3778156996587028, 1.377815699658703]], "nad_c": [[5.759013282732451, 5.759013282732443]], "nadp_c": [[5.678203928905517, 5.678203928905516]], "nh4_c": [[1000.0, 1000.0]], "ni2_c": [[1000.0, 1000.0]], "pe160_p": [[2.173076923076923, 2.1730769230769234]], "pe161_p": [[2.2156862745098036, 2.215686274509805]], "phe__L_c": [[12.014539579967693, 12.01453957996769]], "pheme_c": [[2.5698380566801617, 2.5698380566801613]], "pro__L_c": [[19.573099415204677, 19.573099415204673]], "pydx5p_c": [[12.364406779661017, 12.364406779661019]], "ribflv_c": [[6.111814345991557, 6.111814345991564]], "ser__L_c": [[39.838541666666686, 31.828125]], "sheme_c": [[2.32138857782754, 2.3213885778275474]], "so4_c": [[820.5636360233838, 820.5636360233867]], "succoa_c": [[4.63337801608579, 4.587452471482889]], "thf_c": [[6.11309523809524, 6.1118721461187215]], "thmpp_c": [[3.829787234042554, 3.777424483306835]], "thr__L_c": [[24.827160493827165, 24.827160493827158]], "trp__L_c": [[9.922266139657442, 9.922266139657413]], "tyr__L_c": [[12.40133779264218, 12.401337792642156]], "udcpdp_c": [[1.3343427146419666, 1.3343427146419673]], "utp_c": [[13.793939393939395, 13.793939393939395]], "val__L_c": [[19.833333333333332, 19.833333333333346]], "zn2_c": [[1000.0, 1000.0]], "adp_c": [[12.001644736842104, 11.85514018691589]], "h_c": [[1000.0, 1000.0]], "pi_c": [[820.5636360233833, 820.5636360233865]], "ppi_c": [[155.0555436449942, 155.05554364499437]], "biomass_reaction": [[[2.1367307044453847, 2.1367307044454007], [2.1367307044453847, 2.1367307044453963], [2.1367307044453847, 2.1367307044453123]]]}