{"10fthf_c": [[5.870967741935486, 5.819699499165275]], "2fe2s_c": [[13.319685254943801, 10.183539078983932]], "2ohph_c": [[1.700369645575125, 1.7003696455751256]], "4fe4s_c": [[6.557032020872836, 5.033835372797339]], "ala__L_c": [[36.833333333333336, 36.83333333333334]], "amet_c": [[6.884735202492212, 6.7351190476190474]], "arg__L_c": [[16.269841269841262, 16.26984126984127]], "asn__L_c": [[30.36363636363636, 30.36363636363636]], "asp__L_c": [[34.01133786848072, 34.011337868480695]], "atp_c": [[11.532258064516121, 11.355932203389834]], "btn_c": [[3.0170697012802252, 2.972191011235955]], "ca2_c": [[1000.0, 1000.0]], "cl_c": [[1000.0, 1000.0]], "coa_c": [[5.146231721034869, 5.042735042735044]], "cobalt2_c": [[1000.0, 1000.0]], "ctp_c": [[12.890756302521005, 12.890756302521012]], "cu2_c": [[1000.0, 1000.0]], "cys__L_c": [[19.220588235294056, 17.243697478991596]], "datp_c": [[11.063975628332079, 10.90134529147982]], "dctp_c": [[12.316939890710383, 12.316939890710383]], "dgtp_c": [[11.323076923076929, 11.158850226928902]], "dttp_c": [[11.348448687350835, 11.280952380952382]], "fad_c": [[4.019512195121951, 4.019512195121951]], "fe2_c": [[1000.0, 1000.0]], "fe3_c": [[204.52621203615786, 205.2740838191968]], "gln__L_c": [[21.812030075187987, 21.812030075187977]], "glu__L_c": [[22.48837209302323, 22.488372093023255]], "gly_c": [[51.52898550724637, 44.617974481410535]], "gtp_c": [[11.74468085106383, 11.629999999999995]], "h2o_c": [[1000.0, 1000.0]], "his__L_c": [[16.098701298701304, 15.984848484848486]], "ile__L_c": [[15.048611111111102, 15.048611111111073]], "k_c": [[806.5801649799679, 809.2996987364734]], "kdo2lipid4_e": [[1.0279503105590062, 1.0279503105590055]], "leu__L_c": [[16.144097222222225, 16.14409722222222]], "lys__L_c": [[15.881481481481478, 15.881481481481478]], "met__L_c": [[12.760233918128622, 11.951871657754026]], "mg2_c": [[1000.0, 1000.0]], "mlthf_c": [[5.743295019157087, 5.680608365019008]], "mn2_c": [[1000.0, 1000.0]], "mobd_c": [[201.64504124499194, 202.32492468411832]], "murein5px4p_p": [[1.348993288590604, 1.3489932885906057]], "nad_c": [[5.6565464895635635, 5.6565464895635635]], "nadp_c": [[5.577174929840973, 5.577174929840972]], "nh4_c": [[1000.0, 1000.0]], "ni2_c": [[1000.0, 1000.0]], "pe160_p": [[2.1249999999999996, 2.125000000000001]], "pe161_p": [[2.166666666666667, 2.1666666666666674]], "phe__L_c": [[11.806138933764164, 11.806138933764137]], "pheme_c": [[2.5141700404858303, 2.5141700404858303]], "pro__L_c": [[19.16081871345029, 19.160818713450293]], "pydx5p_c": [[12.097457627118638, 12.097457627118644]], "ribflv_c": [[5.996078431372549, 5.996078431372549]], "ser__L_c": [[38.85416666666666, 30.843749999999968]], "sheme_c": [[2.2687569988801783, 2.2687569988801783]], "so4_c": [[806.5801649799679, 809.2996987364735]], "succoa_c": [[4.5428954423592485, 4.467680608365022]], "thf_c": [[5.982142857142856, 5.969178082191781]], "thmpp_c": [[3.7528641571194763, 3.6883942766295705]], "thr__L_c": [[24.339506172839517, 24.339506172839506]], "trp__L_c": [[9.752305665349173, 9.75230566534915]], "tyr__L_c": [[12.18561872909698, 12.18561872909699]], "udcpdp_c": [[1.3069112931955824, 1.306911293195582]], "utp_c": [[13.563636363636364, 13.563636363636355]], "val__L_c": [[19.416666666666664, 19.416666666666657]], "zn2_c": [[1000.0, 1000.0]], "adp_c": [[11.759868421052634, 11.56985871271586]], "h_c": [[1000.0, 1000.0]], "pi_c": [[806.5801649799678, 809.2996987364735]], "ppi_c": [[153.52450329742885, 153.74046627221009]], "biomass_reaction": [[[2.09434010868376, 2.0902199510582884], [2.09434010868376, 2.064321244135538], [2.09434010868376, 1.9967706948937587]]]}