{"10fthf_c": [[5.812316715542491, 5.764051196438506]], "2fe2s_c": [[13.274084649718782, 10.12385553948834]], "2ohph_c": [[1.6816699282452707, 1.68166992824527]], "4fe4s_c": [[6.534583695487633, 5.004333142781223]], "ala__L_c": [[36.333333333333336, 36.333333333333314]], "amet_c": [[6.8286604361370715, 6.6875]], "arg__L_c": [[16.07142857142857, 16.071428571428577]], "asn__L_c": [[30.0, 29.99999999999999]], "asp__L_c": [[33.69501133786851, 33.695011337868486]], "atp_c": [[11.444259567387677, 11.281972265023096]], "btn_c": [[2.9899569583931136, 2.94691011235955]], "ca2_c": [[1000.0, 1000.0]], "cl_c": [[1000.0, 1000.0]], "coa_c": [[5.104611923509562, 5.008547008547005]], "cobalt2_c": [[1000.0, 1000.0]], "ctp_c": [[12.755252100840337, 12.755252100840336]], "cu2_c": [[1000.0, 1000.0]], "cys__L_c": [[19.03921568627451, 17.109243697478988]], "datp_c": [[10.983425414364635, 10.829596412556059]], "dctp_c": [[12.19942196531792, 12.199421965317919]], "dgtp_c": [[11.230769230769221, 11.086232980332834]], "dttp_c": [[11.264150943396226, 11.204761904761913]], "fad_c": [[3.9826410415375095, 3.982641041537506]], "fe2_c": [[1000.0, 1000.0]], "fe3_c": [[202.60978542692712, 202.66174490950266]], "gln__L_c": [[21.488721804511265, 21.48872180451128]], "glu__L_c": [[22.15503875968991, 22.155038759689933]], "gly_c": [[50.81159420289855, 44.108362252183284]], "gtp_c": [[11.648936170212755, 11.53475935828877]], "h2o_c": [[1000.0, 1000.0]], "his__L_c": [[15.958441558441558, 15.863636363636372]], "ile__L_c": [[14.777777777777771, 14.777777777777782]], "k_c": [[798.7931591282198, 798.9821027012217]], "kdo2lipid4_e": [[1.0148942985265843, 1.0148942985265859]], "leu__L_c": [[15.940972222222221, 15.940972222222221]], "lys__L_c": [[15.696296296296287, 15.6962962962963]], "met__L_c": [[12.654970760233919, 11.866310160427782]], "mg2_c": [[1000.0, 1000.0]], "mlthf_c": [[5.688560481663929, 5.62629005975013]], "mn2_c": [[1000.0, 1000.0]], "mobd_c": [[199.69828978205499, 199.74552567530537]], "murein5px4p_p": [[1.3322147651006713, 1.332214765100672]], "nad_c": [[5.595351043643269, 5.595351043643257]], "nadp_c": [[5.516838166510754, 5.516838166510759]], "nh4_c": [[1000.0, 1000.0]], "ni2_c": [[1000.0, 1000.0]], "pe160_p": [[2.096153846153849, 2.0961538461538467]], "pe161_p": [[2.1372549019607847, 2.1372549019607816]], "phe__L_c": [[11.694668820678546, 11.694668820678546]], "pheme_c": [[2.478744939271255, 2.478744939271255]], "pro__L_c": [[18.92307692307692, 18.92307692307692]], "pydx5p_c": [[11.932203389830507, 11.93220338983051]], "ribflv_c": [[5.929852320675105, 5.929852320675107]], "ser__L_c": [[38.40104166666666, 30.59375]], "sheme_c": [[2.2430011198208284, 2.243001119820829]], "so4_c": [[798.7931591282198, 798.9821027012215]], "succoa_c": [[4.5047219307450135, 4.437262357414445]], "thf_c": [[5.91071428571429, 5.9006849315068495]], "thmpp_c": [[3.720130932896891, 3.6565977742448315]], "thr__L_c": [[23.83950617283951, 23.83950617283951]], "trp__L_c": [[9.661396574440056, 9.661396574440067]], "tyr__L_c": [[12.07023411371237, 12.070234113712361]], "udcpdp_c": [[1.2915924474527964, 1.2915924474527964]], "utp_c": [[13.427272727272726, 13.42727272727272]], "val__L_c": [[19.166666666666668, 19.166666666666664]], "zn2_c": [[1000.0, 1000.0]], "adp_c": [[11.675986842105253, 11.494505494505503]], "h_c": [[1000.0, 1000.0]], "pi_c": [[798.79315912822, 798.9821027012213]], "ppi_c": [[152.56200577390678, 152.57701011646952]], "biomass_reaction": [[[2.0690017052531604, 2.0694386070214428], [2.0690017052531604, 2.068919234399791], [2.0690017052531604, 2.0684515071027074]]]}