{"10fthf_c": [[5.914956011730204, 5.86644407345576]], "2fe2s_c": [[13.480805995764943, 10.279542227796753]], "2ohph_c": [[1.7131985214176995, 1.7131985214176995]], "4fe4s_c": [[6.6363487492016136, 5.081290785168669]], "ala__L_c": [[37.16666666666666, 37.16666666666666]], "amet_c": [[6.943925233644857, 6.7976190476190474]], "arg__L_c": [[16.404761904761912, 16.40476190476189]], "asn__L_c": [[30.606060606060616, 30.606060606060606]], "asp__L_c": [[34.273242630385525, 34.27324263038545]], "atp_c": [[11.628272251308914, 11.453004622496149]], "btn_c": [[3.0426742532005693, 2.9985955056179776]], "ca2_c": [[1000.0, 1000.0]], "cl_c": [[1000.0, 1000.0]], "coa_c": [[5.18785151856018, 5.087606837606836]], "cobalt2_c": [[1000.0, 1000.0]], "ctp_c": [[12.975840336134453, 12.975840336134462]], "cu2_c": [[1000.0, 1000.0]], "cys__L_c": [[19.40196078431374, 17.42016806722689]], "datp_c": [[11.157647058823539, 10.995515695067263]], "dctp_c": [[12.401639344262296, 12.401639344262296]], "dgtp_c": [[11.410256410256409, 11.254160363086235]], "dttp_c": [[11.441527446300716, 11.380952380952383]], "fad_c": [[4.046951219512195, 4.046951219512195]], "fe2_c": [[1000.0, 1000.0]], "fe3_c": [[206.42225017672774, 206.57908099848154]], "gln__L_c": [[21.954887218045116, 21.954887218045123]], "glu__L_c": [[22.635658914728683, 22.635658914728687]], "gly_c": [[51.811594202898576, 44.80805759848905]], "gtp_c": [[11.835106382978713, 11.721925133689808]], "h2o_c": [[1000.0, 1000.0]], "his__L_c": [[16.246753246753247, 16.143939393939377]], "ile__L_c": [[15.166666666666666, 15.166666666666666]], "k_c": [[813.5657582184042, 814.1360521156903]], "kdo2lipid4_e": [[1.0367494824016563, 1.0367494824016559]], "leu__L_c": [[16.253472222222225, 16.25347222222222]], "lys__L_c": [[16.007407407407403, 16.007407407407385]], "met__L_c": [[12.871345029239764, 12.064171122994653]], "mg2_c": [[1000.0, 1000.0]], "mlthf_c": [[5.789272030651336, 5.726235741444862]], "mn2_c": [[1000.0, 1000.0]], "mobd_c": [[203.391439554601, 203.53401302892252]], "murein5px4p_p": [[1.360402684563758, 1.360402684563759]], "nad_c": [[5.694971537001898, 5.694971537001897]], "nadp_c": [[5.615060804490176, 5.615060804490174]], "nh4_c": [[1000.0, 1000.0]], "ni2_c": [[1000.0, 1000.0]], "pe160_p": [[2.1442307692307687, 2.144230769230771]], "pe161_p": [[2.186274509803922, 2.1862745098039214]], "phe__L_c": [[11.888529886914359, 11.888529886914412]], "pheme_c": [[2.5334008097165994, 2.5334008097166]], "pro__L_c": [[19.32748538011695, 19.327485380116972]], "pydx5p_c": [[12.186440677966102, 12.186440677966102]], "ribflv_c": [[6.040611814345992, 6.040611814345991]], "ser__L_c": [[39.182291666666664, 31.171875]], "sheme_c": [[2.2900335946248593, 2.2900335946248602]], "so4_c": [[813.565758218404, 814.1360521156906]], "succoa_c": [[4.579088471849869, 4.507604562737639]], "thf_c": [[6.014880952380955, 6.005707762557073]], "thmpp_c": [[3.7806873977086743, 3.7154213036565977]], "thr__L_c": [[24.53086419753086, 24.53086419753086]], "trp__L_c": [[9.819499341238506, 9.819499341238473]], "tyr__L_c": [[12.270903010033445, 12.270903010033436]], "udcpdp_c": [[1.3174207338795867, 1.3174207338795867]], "utp_c": [[13.651515151515152, 13.651515151515158]], "val__L_c": [[19.583333333333336, 19.583333333333332]], "zn2_c": [[1000.0, 1000.0]], "adp_c": [[11.858552631578938, 11.668224299065407]], "h_c": [[1000.0, 1000.0]], "pi_c": [[813.5657582184042, 814.13605211569]], "ppi_c": [[154.11747687812823, 154.16276492291252]], "biomass_reaction": [[[2.1074192358380555, 2.10695250755664], [2.1074192358380555, 2.089666349490071], [2.1074192358380555, 2.0200666173125508]]]}