{"10fthf_c": [[2.5737265415549584, 2.378486759297392]], "2fe2s_c": [[6.583555150296582, 4.756641129836649]], "2ohph_c": [[0.8610567514677103, 0.8610567514677105]], "4fe4s_c": [[3.240378468408028, 2.344214615791655]], "ala__L_c": [[20.000000000000043, 20.000000000000007]], "amet_c": [[2.823578951466564, 2.365462633162035]], "arg__L_c": [[8.571428571428596, 8.571428571428571]], "asn__L_c": [[15.0, 15.0]], "asp__L_c": [[14.999999999999988, 15.0]], "atp_c": [[4.632634008261972, 4.029433720704521]], "btn_c": [[1.3549752999294284, 1.273721453843677]], "ca2_c": [[1000.0, 1000.0]], "cl_c": [[1000.0, 1000.0]], "coa_c": [[2.0915032679738563, 1.953626048347301]], "cobalt2_c": [[1000.0, 1000.0]], "ctp_c": [[5.962732919254656, 5.962732919254655]], "cu2_c": [[1000.0, 1000.0]], "cys__L_c": [[10.212765957446807, 8.162082117976889]], "datp_c": [[4.606083214705308, 3.966908025038461]], "dctp_c": [[5.706051873198834, 5.706051873198846]], "dgtp_c": [[4.478451055806226, 3.884310615400622]], "dttp_c": [[4.971751412429379, 4.919254658385094]], "fad_c": [[1.825488152447894, 1.6772009725354802]], "fe2_c": [[1000.0, 1000.0]], "fe3_c": [[97.25604429746332, 99.76038025841608]], "gln__L_c": [[11.612903225806454, 11.612903225806459]], "glu__L_c": [[11.999999999999998, 12.0]], "gly_c": [[27.206004746156783, 21.402095126355153]], "gtp_c": [[4.484558948637147, 3.9442399791810523]], "h2o_c": [[1000.0, 1000.0]], "his__L_c": [[7.821279460050863, 7.75552804895151]], "ile__L_c": [[7.5, 7.500000000000014]], "k_c": [[389.0241771898533, 399.0415210336643]], "kdo2lipid4_e": [[0.5527638190954768, 0.5527638190954777]], "leu__L_c": [[7.7005347593582885, 7.7005347593582885]], "lys__L_c": [[8.0, 8.0]], "met__L_c": [[6.168559473998804, 5.544504762357487]], "mg2_c": [[1000.0, 1000.0]], "mlthf_c": [[2.5196850393700796, 2.3578042657382614]], "mn2_c": [[1000.0, 1000.0]], "mobd_c": [[97.25604429746332, 99.76038025841608]], "murein5px4p_p": [[0.7209612817089454, 0.7209612817089452]], "nad_c": [[2.5229960578186614, 2.424984690753213]], "nadp_c": [[2.4902723735408614, 2.3956442831215927]], "nh4_c": [[1000.0, 1000.0]], "ni2_c": [[1000.0, 1000.0]], "pe160_p": [[1.1538461538461537, 1.153846153846154]], "pe161_p": [[1.1764705882352937, 1.1764705882352937]], "phe__L_c": [[5.595854922279796, 5.595854922279789]], "pheme_c": [[1.3360323886639682, 1.3360323886639676]], "pro__L_c": [[10.153846153846152, 10.153846153846159]], "pydx5p_c": [[6.529411764705874, 6.529411764705883]], "ribflv_c": [[2.840236686390532, 2.7507163323782247]], "ser__L_c": [[20.0, 15.71706721891419]], "sheme_c": [[1.2094064949608063, 1.2094064949608063]], "so4_c": [[389.0241771898532, 399.0415210336643]], "succoa_c": [[1.86046511627907, 1.7514374170720912]], "thf_c": [[2.637362637362637, 2.4427701852243424]], "thmpp_c": [[1.7112299465240641, 1.646655231560892]], "thr__L_c": [[12.972972972972975, 12.972972972972972]], "trp__L_c": [[4.615384615384615, 4.615384615384615]], "tyr__L_c": [[5.806451612903225, 5.806451612903227]], "udcpdp_c": [[0.705379408621304, 0.7053794086213039]], "utp_c": [[6.3157894736841955, 6.315789473684202]], "val__L_c": [[10.0, 10.000000000000021]], "zn2_c": [[1000.0, 1000.0]], "adp_c": [[4.860757853253114, 4.185821688033257]], "h_c": [[1000.0, 1000.0]], "pi_c": [[389.0241771898533, 399.04152103366425]], "ppi_c": [[77.80483543797065, 79.80830420673288]], "biomass_reaction": [[[0.7939547757716068, 0.7764725941943144], [0.7939547757716068, 0.7190423397269967], [0.7939547757716068, 0.5692793728921672]]]}