{"cpd00107_c0": [[3.909774436090225, 3.9097744360902245]], "cpd00053_c0": [[5.777777777777778, 5.777777777777779]], "cpd00015_c0": [[0.8262856933530018, 0.6714465091758034]], "cpd00241_c0": [[1.894411101833704, 1.4949186430706654]], "cpd00166_c0": [[0.0, 0.0]], "cpd00016_c0": [[3.1683168316831676, 3.1683168316831676]], "cpd15793_c0": [[0.2571711177052425, 0.2571711177052423]], "cpd00161_c0": [[6.7924528301886795, 6.530612244897959]], "cpd00023_c0": [[5.777777777777779, 5.777777777777779]], "cpd00010_c0": [[1.0543657331136744, 0.8877388020475632]], "cpd00345_c0": [[1.1552346570397107, 1.0093081284426104]], "cpd00039_c0": [[4.1558441558441555, 4.1558441558441555]], "cpd00357_c0": [[2.3021582733812944, 2.176870748299321]], "cpd00129_c0": [[5.360824742268041, 5.360824742268042]], "cpd00356_c0": [[2.4272142242244383, 2.475959002585764]], "cpd00066_c0": [[2.735042735042735, 2.735042735042735]], "cpd15666_c0": [[0.0, 0.0]], "cpd00060_c0": [[3.832335329341317, 3.4972677595628414]], "cpd00201_c0": [[1.1679827845892032, 1.0093081284426106]], "cpd00042_c0": [[2.676579925650557, 2.3104693140794224]], "cpd00038_c0": [[1.8944111018337093, 1.4949186430706565]], "cpd00065_c0": [[2.191780821917808, 1.9753086419753083]], "cpd11461_c0": [[1.2121127527201592, 1.012266202922749]], "cpd00264_c0": [[3.0, 2.9629629629629632]], "cpd00115_c0": [[1.8944111018337217, 1.4949186430706725]], "cpd00006_c0": [[0.9957801945536047, 0.8803409786971672]], "cpd00069_c0": [[2.831858407079646, 2.831858407079646]], "cpd11416_c0": [[0.4175097286201379, 0.4054282093117787]], "cpd00118_c0": [[5.2, 5.2]], "cpd00056_c0": [[0.0, 0.0]], "cpd11462_c0": [[1.2429114448565153, 1.0354202335205334]], "cpd00084_c0": [[6.7368421052631575, 5.039370078740158]], "cpd00119_c0": [[3.983120778214462, 3.371518641818929]], "cpd00033_c0": [[14.4, 12.189336628114603]], "cpd15560_c0": [[0.0, 0.0]], "cpd00322_c0": [[4.0, 3.950617283950617]], "cpd00002_c0": [[1.8944111018337146, 1.4949186430706627]], "cpd01997_c0": [[0.0, 0.0]], "cpd00132_c0": [[7.5, 7.5]], "cpd00035_c0": [[10.0, 10.0]], "cpd11463_c0": [[0.5469184268077028, 0.5289893909414947]], "cpd00003_c0": [[1.0496061510159722, 0.9212870707295995]], "cpd00041_c0": [[7.5, 7.5]], "cpd00054_c0": [[10.0, 6.338455046619595]], "cpd15500_c0": [[0.3979591836734694, 0.3979591836734695]], "cpd03422_c0": [[0.0, 0.0]], "cpd11493_c0": [[0.0, 0.0]], "cpd00220_c0": [[1.3502109704641347, 1.1914389185375172]], "cpd00008_c0": [[2.071222804671522, 1.6006199612675882]], "cpd15540_c0": [[0.5004812319538018, 0.5004812319538017]], "cpd00051_c0": [[4.266666666666667, 4.266666666666667]], "cpd15665_c0": [[0.0, 0.0]], "cpd00087_c0": [[1.2041993050415825, 1.092837077003378]], "cpd00062_c0": [[2.632910344921424, 2.685786036703216]], "cpd15533_c0": [[0.5068637803590287, 0.49766718506998436]], "cpd00557_c0": [[0.6037735849056605, 0.5460750853242321]], "cpd00017_c0": [[1.513002364066202, 1.2526591001224499]], "cpd00028_c0": [[0.6521739130434784, 0.6153846153846153]], "cpd00156_c0": [[5.0, 5.000000000000002]], "cpd02229_c0": [[0.3556771545827634, 0.3556771545827634]], "cpd00052_c0": [[2.427214224224438, 2.4759590025857783]], "cpd03736_c0": [[0.23353293413173654, 0.23353293413173648]], "cpd15352_c0": [[0.40794979079497895, 0.40794979079497906]], "biomass_reaction": [[[0.4175097286201379, 0.4054282093117796], [0.4175097286201379, 0.3890515539664031], [0.4175097286201379, 0.3257738526702467]]]}