{"cpd00107_c0": [[3.9097744360902253, 3.9097744360902253]], "cpd00053_c0": [[5.777777777777779, 5.777777777777778]], "cpd00015_c0": [[0.8734610862858658, 0.70134813367846]], "cpd00241_c0": [[1.952442428168419, 1.5293914140859166]], "cpd00166_c0": [[0.0, 0.0]], "cpd00016_c0": [[3.2542372881355934, 3.2542372881355957]], "cpd15793_c0": [[0.25717111770524237, 0.25717111770524237]], "cpd00161_c0": [[6.7924528301886795, 6.530612244897959]], "cpd00023_c0": [[5.777777777777777, 5.777777777777779]], "cpd00010_c0": [[1.0637119113573388, 0.8987892670457525]], "cpd00345_c0": [[1.1721611721611702, 1.032922305809657]], "cpd00039_c0": [[4.155844155844156, 4.155844155844156]], "cpd00357_c0": [[2.3471882640586803, 2.217090069284064]], "cpd00129_c0": [[5.360824742268042, 5.360824742268042]], "cpd00356_c0": [[2.525441836435232, 2.5531914893617027]], "cpd00066_c0": [[2.76657060518732, 2.76657060518732]], "cpd15666_c0": [[0.0, 0.0]], "cpd00060_c0": [[3.8323353293413174, 3.4972677595628414]], "cpd00201_c0": [[1.200726867969206, 1.0329223058096568]], "cpd00042_c0": [[2.6765799256505565, 2.3104693140794224]], "cpd00038_c0": [[1.952442428168406, 1.5293914140859233]], "cpd00065_c0": [[2.2535211267605635, 2.0253164556962027]], "cpd11461_c0": [[1.2379539306595622, 1.0463926743001253]], "cpd00264_c0": [[3.0, 2.9629629629629632]], "cpd00115_c0": [[1.9524424281684205, 1.5293914140859153]], "cpd00006_c0": [[1.037235039964464, 0.9117525737819887]], "cpd00069_c0": [[2.865671641791044, 2.8656716417910446]], "cpd11416_c0": [[0.41925210289316955, 0.40706591952245424]], "cpd00118_c0": [[5.2, 5.2]], "cpd00056_c0": [[0.0, 0.0]], "cpd11462_c0": [[1.2946248685995456, 1.069970834708894]], "cpd00084_c0": [[6.7368421052631575, 5.039370078740157]], "cpd00119_c0": [[4.1921397379912655, 3.5647469050122864]], "cpd00033_c0": [[14.4, 12.15670098375985]], "cpd15560_c0": [[0.0, 0.0]], "cpd00322_c0": [[3.9999999999999982, 3.9506172839506175]], "cpd00002_c0": [[1.9524424281684194, 1.5293914140859233]], "cpd01997_c0": [[0.0, 0.0]], "cpd00132_c0": [[7.5, 7.5]], "cpd00035_c0": [[10.0, 10.0]], "cpd11463_c0": [[0.5481931994887332, 0.5301818634558196]], "cpd00003_c0": [[1.0959464573209403, 0.9558696338037028]], "cpd00041_c0": [[7.500000000000002, 7.5]], "cpd00054_c0": [[10.0, 6.3214845115551315]], "cpd15500_c0": [[0.3983656792645557, 0.3983656792645557]], "cpd03422_c0": [[0.0, 0.0]], "cpd11493_c0": [[0.0, 0.0]], "cpd00220_c0": [[1.397379912663756, 1.2642969023110293]], "cpd00008_c0": [[2.1413884696040655, 1.6405236621682806]], "cpd15540_c0": [[0.5004812319538017, 0.5004812319538018]], "cpd00051_c0": [[4.266666666666667, 4.266666666666667]], "cpd15665_c0": [[0.0, 0.0]], "cpd00087_c0": [[1.239150127744221, 1.1208305871551643]], "cpd00062_c0": [[2.7495934787223835, 2.7507163323782224]], "cpd15533_c0": [[0.5068637803590285, 0.4976671850699845]], "cpd00557_c0": [[0.6037735849056605, 0.5460750853242322]], "cpd00017_c0": [[1.5323224261771713, 1.276208178645048]], "cpd00028_c0": [[0.6521739130434783, 0.6153846153846152]], "cpd00156_c0": [[5.0, 5.0]], "cpd02229_c0": [[0.3556771545827634, 0.3556771545827631]], "cpd00052_c0": [[2.525441836435233, 2.576692056340404]], "cpd03736_c0": [[0.23493975903614459, 0.23493975903614459]], "cpd15352_c0": [[0.4083769633507863, 0.40837696335078555]], "biomass_reaction": [[[0.41925210289316955, 0.40706591952244636], [0.41925210289316955, 0.39067516503950417], [0.41925210289316955, 0.327161627917339]]]}