{"cpd00107_c0": [[7.669172932330826, 7.669172932330826]], "cpd00053_c0": [[11.333333333333332, 11.333333333333336]], "cpd00015_c0": [[1.6754135614457775, 1.345548399534555]], "cpd00241_c0": [[3.7450420785258465, 2.9341636067269676]], "cpd00166_c0": [[0.0, 0.0]], "cpd00016_c0": [[6.30508474576271, 6.305084745762712]], "cpd15793_c0": [[0.499194847020934, 0.4991948470209339]], "cpd00161_c0": [[13.20754716981132, 12.653061224489797]], "cpd00023_c0": [[11.333333333333332, 11.333333333333332]], "cpd00010_c0": [[2.0609418282548475, 1.7243425935267425]], "cpd00345_c0": [[2.27106227106227, 1.981679124368977]], "cpd00039_c0": [[8.051948051948052, 8.051948051948052]], "cpd00357_c0": [[4.547677261613692, 4.295612009237874]], "cpd00129_c0": [[10.515463917525773, 10.515463917525773]], "cpd00356_c0": [[4.8441305146149505, 4.943427815681305]], "cpd00066_c0": [[5.360230547550432, 5.360230547550433]], "cpd15666_c0": [[0.0, 0.0]], "cpd00060_c0": [[7.425149700598802, 6.775956284153006]], "cpd00201_c0": [[2.3031524927368237, 1.9816791243689702]], "cpd00042_c0": [[5.204460966542751, 4.476534296028881]], "cpd00038_c0": [[3.7450420785258407, 2.934163606726917]], "cpd00065_c0": [[4.366197183098591, 3.9240506329113924]], "cpd11461_c0": [[2.3985357406529046, 2.007522256892087]], "cpd00264_c0": [[5.833333333333333, 5.7407407407407405]], "cpd00115_c0": [[3.7450420785258434, 2.9341636067269796]], "cpd00006_c0": [[1.989553604216857, 1.749212919394921]], "cpd00069_c0": [[5.552238805970149, 5.552238805970148]], "cpd11416_c0": [[0.8041808271490424, 0.7809629344071389]], "cpd00118_c0": [[10.2, 10.2]], "cpd00056_c0": [[0.0, 0.0]], "cpd11462_c0": [[2.4832612418485507, 2.052757361226922]], "cpd00084_c0": [[13.052631578947368, 9.763779527559057]], "cpd00119_c0": [[8.122270742358078, 6.839027955529024]], "cpd00033_c0": [[28.0, 23.322838925265636]], "cpd15560_c0": [[0.0, 0.0]], "cpd00322_c0": [[7.865168539325841, 7.654320987654321]], "cpd00002_c0": [[3.745042078525799, 2.934163606726983]], "cpd01997_c0": [[0.0, 0.0]], "cpd00132_c0": [[15.0, 15.0]], "cpd00035_c0": [[20.0, 20.0]], "cpd11463_c0": [[1.06212432400942, 1.027227360445651]], "cpd00003_c0": [[2.1021698459649736, 1.8338522542043503]], "cpd00041_c0": [[15.0, 15.0]], "cpd00054_c0": [[20.0, 12.127876241138134]], "cpd15500_c0": [[0.781409601634321, 0.7814096016343208]], "cpd03422_c0": [[0.0, 0.0]], "cpd11493_c0": [[0.0, 0.0]], "cpd00220_c0": [[2.7074235807860276, 2.4255752482276254]], "cpd00008_c0": [[4.107465505479945, 3.1473727269389666]], "cpd15540_c0": [[0.9702660406885759, 0.9702660406885759]], "cpd00051_c0": [[8.266666666666666, 8.266666666666664]], "cpd15665_c0": [[0.0, 0.0]], "cpd00087_c0": [[2.3768533725044003, 2.1503326668684597]], "cpd00062_c0": [[5.274082927154739, 5.329512893982806]], "cpd15533_c0": [[0.9888357256778312, 0.9642301710730948]], "cpd00557_c0": [[1.169811320754717, 1.0580204778156996]], "cpd00017_c0": [[2.9688747007182736, 2.448427235761401]], "cpd00028_c0": [[1.2681159420289854, 1.1923076923076923]], "cpd00156_c0": [[10.0, 10.0]], "cpd02229_c0": [[0.6976744186046511, 0.6976744186046511]], "cpd00052_c0": [[4.8441305146149505, 4.9434278156813045]], "cpd03736_c0": [[0.4603960396039603, 0.46039603960396047]], "cpd15352_c0": [[0.8010471204188482, 0.8010471204188483]], "biomass_reaction": [[[0.8041808271490424, 0.7809629344071389], [0.8041808271490424, 0.7493664914260678], [0.8041808271490424, 0.628833241425165]]]}