{"cpd00107_c0": [[2.5939849624060147, 2.593984962406015]], "cpd00053_c0": [[4.8999999999999995, 4.8999999999999995]], "cpd00015_c0": [[0.5584227350360308, 0.5172541996894297]], "cpd00241_c0": [[1.27101806925689, 1.130404846210332]], "cpd00166_c0": [[0.0, 0.0]], "cpd00016_c0": [[2.235421166306695, 2.235421166306695]], "cpd15793_c0": [[0.17062314540059345, 0.1706231454005935]], "cpd00161_c0": [[5.0, 5.0]], "cpd00023_c0": [[4.9, 4.9]], "cpd00010_c0": [[0.7626124364489648, 0.683876700989936]], "cpd00345_c0": [[0.8399626279844468, 0.7775286059025718]], "cpd00039_c0": [[2.9487179487179414, 2.9487179487179485]], "cpd00357_c0": [[1.7135325131810186, 1.6666666666666683]], "cpd00129_c0": [[4.090909090909091, 4.090909090909091]], "cpd00356_c0": [[1.819800526911958, 1.8788006045874508]], "cpd00066_c0": [[1.8784029038112526, 1.8784029038112524]], "cpd15666_c0": [[0.0, 0.0]], "cpd00060_c0": [[2.934131736526944, 2.6775956284153004]], "cpd00201_c0": [[0.8128471799790797, 0.7775286059025698]], "cpd00042_c0": [[2.030651340996168, 1.768953068592058]], "cpd00038_c0": [[1.2382879902202337, 1.1096634728853825]], "cpd00065_c0": [[1.5476190476190477, 1.5123456790123455]], "cpd11461_c0": [[0.849965799214259, 0.7798073822859964]], "cpd00264_c0": [[2.28448275862069, 2.268518518518518]], "cpd00115_c0": [[1.3055253471552772, 1.1516225577990866]], "cpd00006_c0": [[0.6728285179000335, 0.6597453738791248]], "cpd00069_c0": [[1.9202226345083486, 1.9202226345083486]], "cpd11416_c0": [[0.30507313914699336, 0.30647144212317406]], "cpd00118_c0": [[4.083333333333334, 4.083333333333334]], "cpd00056_c0": [[0.0, 0.0]], "cpd11462_c0": [[0.8316457479812238, 0.7898524765021339]], "cpd00084_c0": [[5.118110236220472, 3.8582677165354333]], "cpd00119_c0": [[2.500927102283261, 2.511141561477632]], "cpd00033_c0": [[10.6, 9.39015316359258]], "cpd15560_c0": [[0.0, 0.0]], "cpd00322_c0": [[2.851239669421488, 2.8512396694214877]], "cpd00002_c0": [[1.2710180692568889, 1.1304048462103422]], "cpd01997_c0": [[0.0, 0.0]], "cpd00132_c0": [[5.948275862068964, 5.948275862068966]], "cpd00035_c0": [[7.040816326530613, 7.040816326530613]], "cpd11463_c0": [[0.41571849733094174, 0.4050075024395819]], "cpd00003_c0": [[0.7047778029971268, 0.6951340146235914]], "cpd00041_c0": [[6.25, 6.25]], "cpd00054_c0": [[7.222222222222222, 4.882879645068139]], "cpd15500_c0": [[0.26813471502590674, 0.2681347150259068]], "cpd03422_c0": [[0.0, 0.0]], "cpd11493_c0": [[0.0, 0.0]], "cpd00220_c0": [[0.9374812065117328, 0.9178345197496512]], "cpd00008_c0": [[1.3751005714620685, 1.2238109802142105]], "cpd15540_c0": [[0.33205004812319555, 0.33205004812319544]], "cpd00051_c0": [[3.266666666666663, 3.2666666666666666]], "cpd15665_c0": [[0.0, 0.0]], "cpd00087_c0": [[0.8675886502047649, 0.8418758008738185]], "cpd00062_c0": [[1.8920743264231332, 1.9456583878347613]], "cpd15533_c0": [[0.3372434017595307, 0.3372434017595308]], "cpd00557_c0": [[0.44612794612794615, 0.41808873720136513]], "cpd00017_c0": [[1.1357018054746653, 0.9649959772861968]], "cpd00028_c0": [[0.48007246376811596, 0.47115384615384615]], "cpd00156_c0": [[3.5567010309278353, 3.5567010309278353]], "cpd02229_c0": [[0.23597811217510262, 0.23597811217510262]], "cpd00052_c0": [[1.7534431596322957, 1.8108461955865214]], "cpd03736_c0": [[0.15494011976047903, 0.15494011976047906]], "cpd15352_c0": [[0.2749734325185973, 0.27497343251859724]], "biomass_reaction": [[[0.30507313914699336, 0.30647144212317406], [0.30507313914699336, 0.2878280804234804], [0.30507313914699336, 0.251299946085072]]]}