{"cpd00107_c0": [[3.195488721804512, 3.1954887218045114]], "cpd00053_c0": [[5.166666666666668, 5.166666666666667]], "cpd00015_c0": [[1.3634538849624884, 1.363453884962489]], "cpd00241_c0": [[3.5843046765071276, 3.584304676507122]], "cpd00166_c0": [[0.0, 0.0]], "cpd00016_c0": [[2.762376237623762, 2.762376237623762]], "cpd15793_c0": [[0.21018793273986155, 0.21018793273986153]], "cpd00161_c0": [[6.159420289855072, 6.159420289855072]], "cpd00023_c0": [[5.166666666666667, 5.166666666666666]], "cpd00010_c0": [[1.7068273092369477, 1.7068273092369477]], "cpd00345_c0": [[1.711618257261411, 1.7116182572614107]], "cpd00039_c0": [[3.571428571428571, 3.5714285714285716]], "cpd00357_c0": [[4.071669740803681, 4.071669740803678]], "cpd00129_c0": [[4.793814432989691, 4.7938144329896915]], "cpd00356_c0": [[3.280120677394804, 3.2801206773948035]], "cpd00066_c0": [[2.330895795246801, 2.330895795246801]], "cpd15666_c0": [[0.0, 0.0]], "cpd00060_c0": [[4.435483870967742, 4.435483870967743]], "cpd00201_c0": [[1.728444368002803, 1.7284443680027994]], "cpd00042_c0": [[2.8940397350993377, 2.731092436974793]], "cpd00038_c0": [[2.924281364270962, 2.9242813642709558]], "cpd00065_c0": [[1.9324324324324327, 1.9324324324324322]], "cpd11461_c0": [[3.337913707590975, 3.337913707590977]], "cpd00264_c0": [[2.767857142857143, 2.767857142857143]], "cpd00115_c0": [[3.7899955220436365, 3.7899955220436468]], "cpd00006_c0": [[1.4073615279747234, 1.4073615279747216]], "cpd00069_c0": [[2.3831775700934585, 2.383177570093458]], "cpd11416_c0": [[0.39060294354923747, 0.3906029435492367]], "cpd00118_c0": [[4.583333333333333, 4.583333333333333]], "cpd00056_c0": [[0.0, 0.0]], "cpd11462_c0": [[2.3225396543455625, 2.322539654345564]], "cpd00084_c0": [[9.204545454545455, 7.386363636363637]], "cpd00119_c0": [[3.565096952908587, 3.5650969529085867]], "cpd00033_c0": [[11.0, 11.000000000000004]], "cpd15560_c0": [[0.0, 0.0]], "cpd00322_c0": [[3.5123966942148765, 3.512396694214876]], "cpd00002_c0": [[3.1109440207694306, 3.11094402076942]], "cpd01997_c0": [[0.0, 0.0]], "cpd00132_c0": [[5.5, 5.5]], "cpd00035_c0": [[8.673469387755102, 8.673469387755102]], "cpd11463_c0": [[0.4920406419583014, 0.4920406419583016]], "cpd00003_c0": [[1.5338659349836847, 1.533865934983682]], "cpd00041_c0": [[7.5, 7.5]], "cpd00054_c0": [[9.0, 7.222222222222223]], "cpd15500_c0": [[0.3306535269709544, 0.33065352697095385]], "cpd03422_c0": [[0.0, 0.0]], "cpd11493_c0": [[0.0, 0.0]], "cpd00220_c0": [[2.143120960295476, 2.1431209602954806]], "cpd00008_c0": [[3.458179230376942, 3.4581792303769463]], "cpd15540_c0": [[0.40904716073147257, 0.40904716073147257]], "cpd00051_c0": [[3.25, 3.25]], "cpd15665_c0": [[0.0, 0.0]], "cpd00087_c0": [[1.7747419850028754, 1.7747419850028745]], "cpd00062_c0": [[3.5680350544669155, 3.5680350544669133]], "cpd15533_c0": [[0.41544477028348004, 0.41544477028347987]], "cpd00557_c0": [[0.5632411067193678, 0.5546075085324234]], "cpd00017_c0": [[2.733455882352942, 2.7334558823529393]], "cpd00028_c0": [[0.625, 0.625]], "cpd00156_c0": [[4.381443298969073, 4.381443298969073]], "cpd02229_c0": [[0.29069767441860467, 0.29069767441860467]], "cpd00052_c0": [[3.2779355790251317, 3.2779355790251294]], "cpd03736_c0": [[0.19201807228915665, 0.1920180722891566]], "cpd15352_c0": [[0.3390957446808507, 0.33909574468085113]], "biomass_reaction": [[[0.39060294354923747, 0.3906029435492367], [0.39060294354923747, 0.39060294354923747], [0.39060294354923747, 0.39060294354923875]]]}