{"cpd00107_c0": [[2.473684210526316, 2.473684210526316]], "cpd00053_c0": [[3.5, 3.5]], "cpd00015_c0": [[1.2092130620309636, 1.2004103595418036]], "cpd00241_c0": [[3.19867220110037, 3.1986722011003668]], "cpd00166_c0": [[0.0, 0.0]], "cpd00016_c0": [[2.1576673866090705, 2.1576673866090705]], "cpd15793_c0": [[0.1627101879327398, 0.1627101879327399]], "cpd00161_c0": [[4.69811320754717, 4.673469387755102]], "cpd00023_c0": [[4.1, 4.1]], "cpd00010_c0": [[1.3037974683544307, 1.211640211640212]], "cpd00345_c0": [[1.3630705394190872, 1.3630705394190872]], "cpd00039_c0": [[2.811965811965812, 2.8119658119658117]], "cpd00357_c0": [[3.5717437029894725, 3.3877346841028997]], "cpd00129_c0": [[3.776315789473684, 3.776315789473684]], "cpd00356_c0": [[2.8559000556581227, 2.855900055658122]], "cpd00066_c0": [[1.8043875685557589, 1.8043875685557587]], "cpd15666_c0": [[0.0, 0.0]], "cpd00060_c0": [[3.453125, 3.1805555555555567]], "cpd00201_c0": [[1.3890678706134567, 1.389067870613454]], "cpd00042_c0": [[2.2, 1.9243697478991595]], "cpd00038_c0": [[2.5312768157508914, 2.5014922165156452]], "cpd00065_c0": [[1.4904761904761905, 1.4382716049382718]], "cpd11461_c0": [[3.06793580978588, 3.064227344365209]], "cpd00264_c0": [[2.1416666666666666, 2.1203703703703702]], "cpd00115_c0": [[3.3904497943132084, 3.3811457554205617]], "cpd00006_c0": [[1.130778730431311, 1.1307787304313104]], "cpd00069_c0": [[1.844859813084112, 1.844859813084112]], "cpd11416_c0": [[0.3139088587955103, 0.31390885879551067]], "cpd00118_c0": [[3.5, 3.4999999999999982]], "cpd00056_c0": [[0.0, 0.0]], "cpd11462_c0": [[2.0569105740446694, 2.0490496105594382]], "cpd00084_c0": [[7.0, 4.85396680890409]], "cpd00119_c0": [[2.3333333333333335, 2.3333333333333326]], "cpd00033_c0": [[7.0, 7.0]], "cpd15560_c0": [[0.0, 0.0]], "cpd00322_c0": [[2.71900826446281, 2.71900826446281]], "cpd00002_c0": [[2.694249121013174, 2.6388142753242008]], "cpd01997_c0": [[0.0, 0.0]], "cpd00132_c0": [[3.5, 3.5]], "cpd00035_c0": [[6.714285714285715, 6.714285714285715]], "cpd11463_c0": [[0.39101555612291344, 0.3878812758246709]], "cpd00003_c0": [[1.2415191394797545, 1.241519139479753]], "cpd00041_c0": [[5.5, 5.5]], "cpd00054_c0": [[6.866666666666667, 4.659808136547926]], "cpd15500_c0": [[0.2559647302904564, 0.25596473029045647]], "cpd03422_c0": [[0.0, 0.0]], "cpd11493_c0": [[0.0, 0.0]], "cpd00220_c0": [[1.765017667844523, 1.765017667844523]], "cpd00008_c0": [[2.9650987989942683, 2.8613648768575617]], "cpd15540_c0": [[0.31665062560153995, 0.31665062560153995]], "cpd00051_c0": [[2.25, 2.25]], "cpd15665_c0": [[0.0, 0.0]], "cpd00087_c0": [[1.426275045719172, 1.426275045719172]], "cpd00062_c0": [[3.066527635179657, 3.066527635179657]], "cpd15533_c0": [[0.32160312805474095, 0.32160312805474095]], "cpd00557_c0": [[0.4191919191919192, 0.3907849829351536]], "cpd00017_c0": [[2.3961267605633783, 2.3027108433734957]], "cpd00028_c0": [[0.45108695652173914, 0.4403846153846154]], "cpd00156_c0": [[3.391752577319588, 3.3917525773195876]], "cpd02229_c0": [[0.2250341997264022, 0.2250341997264022]], "cpd00052_c0": [[2.784084300360478, 2.784084300360478]], "cpd03736_c0": [[0.148644578313253, 0.14864457831325298]], "cpd15352_c0": [[0.2625000000000002, 0.2625]], "biomass_reaction": [[[0.3139088587955103, 0.31390885879551067], [0.3139088587955103, 0.31390885879551034], [0.3139088587955103, 0.3139088587955103]]]}