{"cpd00107_c0": [[2.2932330827067666, 2.293233082706767]], "cpd00053_c0": [[3.0, 3.0]], "cpd00015_c0": [[1.167248811727647, 1.138409702219601]], "cpd00241_c0": [[3.1089392709035257, 3.113595062539109]], "cpd00166_c0": [[0.0, 0.0]], "cpd00016_c0": [[2.0021598272138226, 2.0021598272138226]], "cpd15793_c0": [[0.15084075173095945, 0.15084075173095945]], "cpd00161_c0": [[4.245283018867925, 4.183673469387755]], "cpd00023_c0": [[3.833333333333334, 3.833333333333333]], "cpd00010_c0": [[1.20253164556962, 1.084656084656085]], "cpd00345_c0": [[1.2759336099585061, 1.2759336099585068]], "cpd00039_c0": [[2.606837606837607, 2.606837606837607]], "cpd00357_c0": [[3.4437643318986773, 3.177234891438261]], "cpd00129_c0": [[3.5197368421052633, 3.5197368421052633]], "cpd00356_c0": [[2.76261600040033, 2.784419308395889]], "cpd00066_c0": [[1.672760511882998, 1.6727605118829985]], "cpd15666_c0": [[0.0, 0.0]], "cpd00060_c0": [[3.203125, 2.8472222222222223]], "cpd00201_c0": [[1.314440626407219, 1.3318832728036671]], "cpd00042_c0": [[2.0, 1.7226890756302524]], "cpd00038_c0": [[2.4330955970089883, 2.388887945375358]], "cpd00065_c0": [[1.3761904761904762, 1.2901234567901232]], "cpd11461_c0": [[2.995942448766782, 2.978597985332544]], "cpd00264_c0": [[1.9396551724137931, 1.8981481481481481]], "cpd00115_c0": [[3.2876120797438033, 3.261939720372471]], "cpd00006_c0": [[1.0674278086896116, 1.089031517204327]], "cpd00069_c0": [[1.7102803738317756, 1.7102803738317758]], "cpd11416_c0": [[0.29137247484373285, 0.285654869440719]], "cpd00118_c0": [[3.0, 2.9999999999999996]], "cpd00056_c0": [[0.0, 0.0]], "cpd11462_c0": [[1.9867877910769707, 1.9665394418912843]], "cpd00084_c0": [[6.0, 4.25462712145616]], "cpd00119_c0": [[2.0, 2.0]], "cpd00033_c0": [[6.0, 6.0]], "cpd15560_c0": [[0.0, 0.0]], "cpd00322_c0": [[2.520661157024793, 2.520661157024793]], "cpd00002_c0": [[2.5938449312808842, 2.521727458676973]], "cpd01997_c0": [[0.0, 0.0]], "cpd00132_c0": [[2.9999999999999996, 3.0]], "cpd00035_c0": [[6.0, 6.0]], "cpd11463_c0": [[0.3592985434159279, 0.34722996307448717]], "cpd00003_c0": [[1.173601800317707, 1.1922589990443586]], "cpd00041_c0": [[5.0, 5.0]], "cpd00054_c0": [[5.999999999999999, 4.0844420365979115]], "cpd15500_c0": [[0.23729253112033177, 0.237292531120332]], "cpd03422_c0": [[0.0, 0.0]], "cpd11493_c0": [[0.0, 0.0]], "cpd00220_c0": [[1.6378091872791518, 1.6378091872791516]], "cpd00008_c0": [[2.7999999999999985, 2.7277963762797377]], "cpd15540_c0": [[0.2935514918190568, 0.2935514918190567]], "cpd00051_c0": [[2.0, 2.0]], "cpd15665_c0": [[0.0, 0.0]], "cpd00087_c0": [[1.3496488574716996, 1.3675587176109092]], "cpd00062_c0": [[2.952863227764837, 2.9910014429337446]], "cpd15533_c0": [[0.2981427174975562, 0.29814271749755616]], "cpd00557_c0": [[0.3787878787878788, 0.3498293515358362]], "cpd00017_c0": [[2.3116197183098564, 2.1942771084337354]], "cpd00028_c0": [[0.40760869565217395, 0.3942307692307693]], "cpd00156_c0": [[3.144329896907216, 3.1443298969072164]], "cpd02229_c0": [[0.20861833105335156, 0.20861833105335156]], "cpd00052_c0": [[2.680888983102286, 2.716080287235469]], "cpd03736_c0": [[0.1378012048192771, 0.1378012048192771]], "cpd15352_c0": [[0.24335106382978722, 0.24335106382978725]], "biomass_reaction": [[[0.29137247484373285, 0.285654869440719], [0.29137247484373285, 0.27851764385393635], [0.29137247484373285, 0.24818234697414795]]]}