{"cpd00107_c0": [[7.669172932330826, 7.669172932330826]], "cpd00053_c0": [[11.333333333333332, 11.333333333333332]], "cpd00015_c0": [[1.6754135614458237, 1.3455483995345505]], "cpd00241_c0": [[3.7450420785259615, 2.934163606726951]], "cpd00166_c0": [[0.0, 0.0]], "cpd00016_c0": [[6.305084745762712, 6.305084745762712]], "cpd15793_c0": [[0.4991948470209344, 0.4991948470209339]], "cpd00161_c0": [[13.20754716981132, 12.653061224489797]], "cpd00023_c0": [[11.333333333333332, 11.333333333333332]], "cpd00010_c0": [[2.0609418282548475, 1.7243425935267407]], "cpd00345_c0": [[2.27106227106227, 1.981679124368957]], "cpd00039_c0": [[8.051948051948052, 8.051948051948052]], "cpd00357_c0": [[4.547677261613692, 4.295612009237873]], "cpd00129_c0": [[10.515463917525773, 10.515463917525773]], "cpd00356_c0": [[4.844130514615106, 4.943427815681283]], "cpd00066_c0": [[5.360230547550433, 5.360230547550433]], "cpd15666_c0": [[0.0, 0.0]], "cpd00060_c0": [[7.425149700598802, 6.775956284153006]], "cpd00201_c0": [[2.3031524927368943, 1.9816791243689629]], "cpd00042_c0": [[5.204460966542751, 4.476534296028882]], "cpd00038_c0": [[3.745042078525965, 2.934163606726955]], "cpd00065_c0": [[4.366197183098592, 3.924050632911392]], "cpd11461_c0": [[2.398535740652899, 2.0075222568920696]], "cpd00264_c0": [[5.833333333333333, 5.740740740740741]], "cpd00115_c0": [[3.745042078525978, 2.934163606726953]], "cpd00006_c0": [[1.9895536042169284, 1.74921291939491]], "cpd00069_c0": [[5.552238805970149, 5.552238805970149]], "cpd11416_c0": [[0.8041808271490738, 0.7809629344071283]], "cpd00118_c0": [[10.200000000000003, 10.200000000000001]], "cpd00056_c0": [[0.0, 0.0]], "cpd11462_c0": [[2.483261241848626, 2.05275736122691]], "cpd00084_c0": [[13.052631578947368, 9.763779527559057]], "cpd00119_c0": [[8.122270742358076, 6.839027955528992]], "cpd00033_c0": [[27.999999999999996, 23.322838925265543]], "cpd15560_c0": [[0.0, 0.0]], "cpd00322_c0": [[7.865168539325842, 7.654320987654321]], "cpd00002_c0": [[3.745042078525975, 2.934163606726967]], "cpd01997_c0": [[0.0, 0.0]], "cpd00132_c0": [[15.0, 15.0]], "cpd00035_c0": [[20.0, 20.0]], "cpd11463_c0": [[1.0621243240094211, 1.0272273604456497]], "cpd00003_c0": [[2.102169845965047, 1.8338522542043503]], "cpd00041_c0": [[15.000000000000002, 15.000000000000002]], "cpd00054_c0": [[20.0, 12.127876241138082]], "cpd15500_c0": [[0.7814096016343207, 0.781409601634321]], "cpd03422_c0": [[0.0, 0.0]], "cpd11493_c0": [[0.0, 0.0]], "cpd00220_c0": [[2.7074235807860276, 2.425575248227616]], "cpd00008_c0": [[4.107465505480091, 3.147372726938924]], "cpd15540_c0": [[0.9702660406885759, 0.9702660406885759]], "cpd00051_c0": [[8.266666666666666, 8.266666666666667]], "cpd15665_c0": [[0.0, 0.0]], "cpd00087_c0": [[2.3768533725044794, 2.1503326668684544]], "cpd00062_c0": [[5.274082927154908, 5.329512893982807]], "cpd15533_c0": [[0.988835725677831, 0.9642301710730948]], "cpd00557_c0": [[1.1698113207547172, 1.0580204778156996]], "cpd00017_c0": [[2.9688747007182763, 2.4484272357613888]], "cpd00028_c0": [[1.2681159420289854, 1.1923076923076923]], "cpd00156_c0": [[10.0, 10.0]], "cpd02229_c0": [[0.6976744186046513, 0.6976744186046511]], "cpd00052_c0": [[4.844130514615106, 4.943427815681279]], "cpd03736_c0": [[0.4603960396039605, 0.4603960396039607]], "cpd15352_c0": [[0.8010471204188482, 0.8010471204188483]], "biomass_reaction": [[[0.8041808271490738, 0.7809629344071276], [0.8041808271490738, 0.7493994427676086], [0.8041808271490738, 0.6287923306871912]]]}