{"cpd00107_c0": [[3.796992481203008, 3.7969924812030076]], "cpd00053_c0": [[5.611111111111111, 5.611111111111111]], "cpd00015_c0": [[0.8198296279414236, 0.6584872328116768]], "cpd00241_c0": [[1.8325603448102363, 1.435926998002239]], "cpd00166_c0": [[0.0, 0.0]], "cpd00016_c0": [[3.101694915254237, 3.101694915254237]], "cpd15793_c0": [[0.24557165861513688, 0.24557165861513688]], "cpd00161_c0": [[6.509433962264151, 6.224489795918368]], "cpd00023_c0": [[5.61111111111111, 5.61111111111111]], "cpd00010_c0": [[1.013850415512466, 0.8438623116221731]], "cpd00345_c0": [[1.1172161172161168, 0.9697981903718813]], "cpd00039_c0": [[3.961038961038961, 3.961038961038961]], "cpd00357_c0": [[2.2371638141809296, 2.1131639722863738]], "cpd00129_c0": [[5.206185567010309, 5.206185567010309]], "cpd00356_c0": [[2.370376967743685, 2.419224833590728]], "cpd00066_c0": [[2.636887608069164, 2.636887608069165]], "cpd15666_c0": [[0.0, 0.0]], "cpd00060_c0": [[3.6526946107784433, 3.3333333333333326]], "cpd00201_c0": [[1.127000935568057, 0.9697981903718871]], "cpd00042_c0": [[2.565055762081785, 2.2021660649819492]], "cpd00038_c0": [[1.832560344810245, 1.4359269980022429]], "cpd00065_c0": [[2.1478873239436616, 1.930379746835443]], "cpd11461_c0": [[1.1799248401598965, 0.9824453555189802]], "cpd00264_c0": [[2.875, 2.824074074074074]], "cpd00115_c0": [[1.8325603448102479, 1.4359269980022287]], "cpd00006_c0": [[0.9735476831804397, 0.8560334026551779]], "cpd00069_c0": [[2.7313432835820897, 2.731343283582089]], "cpd11416_c0": [[0.393509568915215, 0.3821892410441206]], "cpd00118_c0": [[5.05, 5.05]], "cpd00056_c0": [[0.0, 0.0]], "cpd11462_c0": [[1.2151334970866665, 1.0045826035657246]], "cpd00084_c0": [[6.421052631578948, 4.803149606299213]], "cpd00119_c0": [[3.995633187772926, 3.3468975141405553]], "cpd00033_c0": [[13.799999999999999, 11.413778702069076]], "cpd15560_c0": [[0.0, 0.0]], "cpd00322_c0": [[3.8764044943820246, 3.765432098765432]], "cpd00002_c0": [[1.8325603448102497, 1.4359269980022393]], "cpd01997_c0": [[0.0, 0.0]], "cpd00132_c0": [[7.5, 7.5]], "cpd00035_c0": [[10.0, 10.0]], "cpd11463_c0": [[0.5224966432626993, 0.5053295886063279]], "cpd00003_c0": [[1.0286541558132942, 0.8974543737513976]], "cpd00041_c0": [[7.5, 7.499999999999999]], "cpd00054_c0": [[10.0, 5.93516492507592]], "cpd15500_c0": [[0.38687436159346245, 0.38687436159346245]], "cpd03422_c0": [[0.0, 0.0]], "cpd11493_c0": [[0.0, 0.0]], "cpd00220_c0": [[1.331877729257641, 1.1870329850151902]], "cpd00008_c0": [[2.0099048943080087, 1.5402677141200458]], "cpd15540_c0": [[0.47730829420970267, 0.47730829420970267]], "cpd00051_c0": [[4.066666666666666, 4.066666666666666]], "cpd15665_c0": [[0.0, 0.0]], "cpd00087_c0": [[1.1630649655062333, 1.0523342065737396]], "cpd00062_c0": [[2.5807654560049587, 2.6217765042979932]], "cpd15533_c0": [[0.48644338118022346, 0.47433903576982894]], "cpd00557_c0": [[0.5754716981132075, 0.5204778156996586]], "cpd00017_c0": [[1.4604948124501191, 1.198216337498507]], "cpd00028_c0": [[0.625, 0.5865384615384615]], "cpd00156_c0": [[5.0, 5.0]], "cpd02229_c0": [[0.3454172366621067, 0.3454172366621067]], "cpd00052_c0": [[2.370376967743687, 2.419224833590728]], "cpd03736_c0": [[0.22648514851485146, 0.22648514851485146]], "cpd15352_c0": [[0.39659685863874383, 0.3965968586387435]], "biomass_reaction": [[[0.3935095689152154, 0.3821892410441206], [0.3935095689152154, 0.3666872860498109], [0.3935095689152154, 0.3077082495712929]]]}