{"cpd00107_c0": [[7.819548872180452, 7.819548872180451]], "cpd00053_c0": [[11.555555555555557, 11.555555555555555]], "cpd00015_c0": [[1.7469221725717368, 1.402696267356914]], "cpd00241_c0": [[3.9048848563368184, 3.0587828281718306]], "cpd00166_c0": [[0.0, 0.0]], "cpd00016_c0": [[6.508474576271187, 6.508474576271187]], "cpd15793_c0": [[0.5143422354104846, 0.5143422354104847]], "cpd00161_c0": [[13.584905660377359, 13.061224489795919]], "cpd00023_c0": [[11.555555555555557, 11.555555555555557]], "cpd00010_c0": [[2.1274238227146824, 1.7975785340915191]], "cpd00345_c0": [[2.3443223443223453, 2.0658446116193243]], "cpd00039_c0": [[8.311688311688313, 8.311688311688311]], "cpd00357_c0": [[4.694376528117361, 4.434180138568128]], "cpd00129_c0": [[10.72164948453608, 10.721649484536082]], "cpd00356_c0": [[5.050883672870455, 5.1063829787233885]], "cpd00066_c0": [[5.53314121037464, 5.53314121037464]], "cpd15666_c0": [[0.0, 0.0]], "cpd00060_c0": [[7.664670658682635, 6.994535519125682]], "cpd00201_c0": [[2.401453735938406, 2.0658446116193208]], "cpd00042_c0": [[5.3531598513011165, 4.6209386281588465]], "cpd00038_c0": [[3.9048848563368206, 3.0587828281718377]], "cpd00065_c0": [[4.507042253521127, 4.0506329113924044]], "cpd11461_c0": [[2.4759078613191265, 2.092785348600257]], "cpd00264_c0": [[6.0, 5.925925925925927]], "cpd00115_c0": [[3.904884856336814, 3.058782828171836]], "cpd00006_c0": [[2.074470079928946, 1.823505147563988]], "cpd00069_c0": [[5.73134328358209, 5.731343283582088]], "cpd11416_c0": [[0.8385042057863319, 0.8141318390449023]], "cpd00118_c0": [[10.4, 10.4]], "cpd00056_c0": [[0.0, 0.0]], "cpd11462_c0": [[2.589249737199089, 2.1399416694177895]], "cpd00084_c0": [[13.473684210526315, 10.078740157480315]], "cpd00119_c0": [[8.38427947598253, 7.129493810024571]], "cpd00033_c0": [[28.8, 24.31340196751968]], "cpd15560_c0": [[0.0, 0.0]], "cpd00322_c0": [[8.000000000000002, 7.901234567901234]], "cpd00002_c0": [[3.9048848563368317, 3.058782828171841]], "cpd01997_c0": [[0.0, 0.0]], "cpd00132_c0": [[15.0, 15.0]], "cpd00035_c0": [[20.0, 20.0]], "cpd11463_c0": [[1.0963863989774667, 1.0603637269116393]], "cpd00003_c0": [[2.191892914641892, 1.9117392676074063]], "cpd00041_c0": [[15.0, 15.0]], "cpd00054_c0": [[20.0, 12.642969023110242]], "cpd15500_c0": [[0.7967313585291116, 0.7967313585291114]], "cpd03422_c0": [[0.0, 0.0]], "cpd11493_c0": [[0.0, 0.0]], "cpd00220_c0": [[2.794759825327506, 2.5285938046220564]], "cpd00008_c0": [[4.282776939208123, 3.281047324336548]], "cpd15540_c0": [[1.000962463907604, 1.0009624639076036]], "cpd00051_c0": [[8.533333333333333, 8.533333333333333]], "cpd15665_c0": [[0.0, 0.0]], "cpd00087_c0": [[2.478300255488433, 2.2416611743103254]], "cpd00062_c0": [[5.4991869574447545, 5.501432664756449]], "cpd15533_c0": [[1.0137275607180574, 0.9953343701399693]], "cpd00557_c0": [[1.2075471698113207, 1.092150170648464]], "cpd00017_c0": [[3.0646448523543492, 2.5524163572900878]], "cpd00028_c0": [[1.3043478260869565, 1.2307692307692308]], "cpd00156_c0": [[10.0, 10.0]], "cpd02229_c0": [[0.7113543091655268, 0.7113543091655266]], "cpd00052_c0": [[5.050883672870456, 5.1533841126808]], "cpd03736_c0": [[0.46987951807228917, 0.46987951807228917]], "cpd15352_c0": [[0.8167539267015705, 0.8167539267015707]], "biomass_reaction": [[[0.8385042057863319, 0.8141318390448932], [0.8385042057863319, 0.7813503300789972], [0.8385042057863319, 0.6556725799363922]]]}