	D-Glucose	D-Lactose	Maltose	Sucrose	D-Fructose	L-Glutamic-acid	Salicin	LB_wo_glycine
FBA	0.970934	0.971129	0.971129	0.970934	0.971063	1.004584	0.971232	0.980377
Linear MOMA	0.931838	0.931838	0.931879	0.931838	0.931838	0.943472	0.931838	0.955882
MOMA	0.780346	0.781955	0.781904	0.781955	0.780278	0.823737	0.781959	0.85177
experiment	0.79	0.78	0.68	0.71	0.64	1.43	0.83	0.68
uncertainty_in_exp	0.08	0.16	0.12	0.06	0.07	0.07	0.13	0.2
